{
  "anchor_portfolio": {
    "oos": {
      "cagr": 0.42443195842118175,
      "calmar": 33.61344389847897,
      "max_drawdown": 0.012626851318867316,
      "sharpe": 3.1090923078449637,
      "sortino": 11.320271538731875,
      "total_return": 0.034505411033004973,
      "volatility": 0.1159106274725193
    },
    "path": "/home/hoky/Quants-agent/LuminaQuant/var/reports/exact_window_backtests/followup_status/autonomous_multi_horizon_trend_exhaustion_fade_30m_anchor_opt/portfolio_optimization_latest.json",
    "train": {
      "cagr": 0.0126583713722912,
      "calmar": 0.22556781502627674,
      "max_drawdown": 0.05611780816698786,
      "sharpe": 0.23237505478022286,
      "sortino": 0.4559649200245854,
      "total_return": 0.0126583713722912,
      "volatility": 0.06247579069398485
    },
    "val": {
      "cagr": 0.25389819145892933,
      "calmar": 36.81451624858474,
      "max_drawdown": 0.006896686886893155,
      "sharpe": 4.348400064486178,
      "sortino": 8.349125671219138,
      "total_return": 0.01940219213438321,
      "volatility": 0.05235284007173052
    },
    "weights": [
      {
        "candidate_id": "4b050c2ad437c77f",
        "family": "market_neutral",
        "fit_return": 0.01606720015631824,
        "fit_sharpe": 3.8797484359521275,
        "fit_split": "val",
        "name": "pair_spread_1h_core_bnbusdt_trxusdt_2.2_0.55",
        "oos_return": 0.0723750581955176,
        "oos_sharpe": 4.556884188045461,
        "report_return": 0.0723750581955176,
        "report_sharpe": 4.556884188045461,
        "report_split": "oos",
        "strategy_class": "PairSpreadZScoreStrategy",
        "symbols": [
          "BNB/USDT",
          "TRX/USDT"
        ],
        "timeframe": "1h",
        "weight": 0.3
      },
      {
        "candidate_id": "c054ef9c94b3bc42",
        "family": "mean_reversion",
        "fit_return": -0.0028491055390360565,
        "fit_sharpe": -3.718634911955819,
        "fit_split": "val",
        "name": "multi_horizon_trend_exhaustion_fade_30m_guarded_lo_24_2.0",
        "oos_return": 0.0008545604692749009,
        "oos_sharpe": 0.8896354225098617,
        "report_return": 0.0008545604692749009,
        "report_sharpe": 0.8896354225098617,
        "report_split": "oos",
        "strategy_class": "MultiHorizonTrendExhaustionFadeStrategy",
        "symbols": [
          "BTC/USDT",
          "ETH/USDT",
          "BNB/USDT",
          "SOL/USDT",
          "TRX/USDT"
        ],
        "timeframe": "30m",
        "weight": 0.3
      },
      {
        "candidate_id": "feecc2c87fbb8475",
        "family": "trend",
        "fit_return": 0.04987876459743679,
        "fit_sharpe": 4.427750205476359,
        "fit_split": "val",
        "name": "composite_trend_stable_30m_stable_ls_highconv_ls_0.75_0.45_0.20_0.80",
        "oos_return": 0.029547105294839504,
        "oos_sharpe": 2.2953624409038818,
        "report_return": 0.029547105294839504,
        "report_sharpe": 2.2953624409038818,
        "report_split": "oos",
        "strategy_class": "CompositeTrendStrategy",
        "symbols": [
          "BTC/USDT",
          "ETH/USDT",
          "BNB/USDT",
          "SOL/USDT",
          "TRX/USDT"
        ],
        "timeframe": "30m",
        "weight": 0.2543902770880808
      },
      {
        "candidate_id": "4c8fdaeabe315563",
        "family": "cross_sectional",
        "fit_return": 0.018372483665204387,
        "fit_sharpe": 1.640883072742277,
        "fit_split": "val",
        "name": "topcap_tsmom_1h_balanced_16_4_0.015",
        "oos_return": 0.032378603658792526,
        "oos_sharpe": 1.4641557597854604,
        "report_return": 0.032378603658792526,
        "report_sharpe": 1.4641557597854604,
        "report_split": "oos",
        "strategy_class": "TopCapTimeSeriesMomentumStrategy",
        "symbols": [
          "BTC/USDT",
          "ETH/USDT",
          "BNB/USDT",
          "SOL/USDT",
          "TRX/USDT"
        ],
        "timeframe": "1h",
        "weight": 0.1456097229119192
      }
    ]
  },
  "anchor_search_peak_rss_mib": 42.5625,
  "artifact_kind": "autonomous_multi_horizon_trend_exhaustion_fade_30m_decision",
  "candidate_key": "autonomous_multi_horizon_trend_exhaustion_fade_30m_anchor_opt",
  "decision_reason": "Round-2 item 5 produced a small positive probe on locked OOS and slightly improved anchored drawdown, but validation stayed negative and the anchored challenger still lagged the incumbent on return and Sharpe.",
  "deltas": {
    "anchor_oos_max_drawdown_delta_vs_incumbent": -0.0016505594957937353,
    "anchor_oos_sharpe_delta_vs_incumbent": -0.3970192684171936,
    "anchor_oos_total_return_delta_vs_incumbent": -0.023122591716134844,
    "probe_oos_sharpe_delta_vs_incumbent": -2.616476153752296,
    "probe_oos_total_return_delta_vs_incumbent": -0.056773442279864916,
    "promotion_score_delta_vs_incumbent": -3.0864334445736095
  },
  "generated_at": "2026-03-17T13:44:21.462513+00:00",
  "label": "Autonomous multi-horizon trend exhaustion fade 30m challenger",
  "peak_rss_mib": 3552.69140625,
  "probe_candidate": {
    "name": "multi_horizon_trend_exhaustion_fade_30m_guarded_lo_24_2.0",
    "oos": {
      "avg_trade": 7.810296629491749e-05,
      "benchmark_corr": 0.041203675410422864,
      "cagr": 0.00909464984775843,
      "calmar": 3.9358047444468576,
      "deflated_sharpe": 0.0077487050349165365,
      "exposure": 0.00205686630369026,
      "max_drawdown": 0.0023107472139186624,
      "mdd": 0.0023107472139186624,
      "pbo": 0.75,
      "return": 0.0008545604692749009,
      "rolling_sharpe_min": -18.14036345695979,
      "sharpe": 0.8896354225098617,
      "sortino": 0.18088232769304066,
      "spa_pvalue": 0.36,
      "stability": -1.5005991871148245,
      "total_return": 0.0008545604692749009,
      "trade_count": 11.0,
      "trades": 11.0,
      "turnover": 0.0014519056261343012,
      "volatility": 0.010235507832718906,
      "win_rate": 0.004839685420447671,
      "worst_month": -0.0011983742296491906
    },
    "val": {
      "avg_trade": -0.00028497133620325737,
      "benchmark_corr": 0.054383942291763986,
      "cagr": -0.03303579325240669,
      "calmar": -7.47839893599952,
      "deflated_sharpe": 5.1666458570354123e-05,
      "exposure": 0.0016129032258064518,
      "max_drawdown": 0.004417495447237907,
      "mdd": 0.004417495447237907,
      "pbo": 0.0,
      "return": -0.0028491055390360565,
      "rolling_sharpe_min": -17.974957486882424,
      "sharpe": -3.718634911955819,
      "sortino": -0.4939310249116836,
      "spa_pvalue": 1.0,
      "stability": -1.501424552769518,
      "total_return": -0.0028491055390360565,
      "trade_count": 10.0,
      "trades": 10.0,
      "turnover": 0.0016129032258064518,
      "volatility": 0.009022955325385563,
      "win_rate": 0.0020161290322580645,
      "worst_month": -0.0028491055390360565
    }
  },
  "probe_peak_rss_mib": 3552.69140625,
  "recommended_action": "round-2 shortlist items 1-5 are now exhausted; wait for the deferred retune window or generate round-3 ideas",
  "schema_version": "1.0",
  "source_artifacts": {
    "anchor_bundle": "/home/hoky/Quants-agent/LuminaQuant/var/reports/exact_window_backtests/followup_status/autonomous_multi_horizon_trend_exhaustion_fade_30m_anchor_latest.json",
    "anchor_portfolio": "/home/hoky/Quants-agent/LuminaQuant/var/reports/exact_window_backtests/followup_status/autonomous_multi_horizon_trend_exhaustion_fade_30m_anchor_opt/portfolio_optimization_latest.json",
    "anchor_search_memory": "/home/hoky/Quants-agent/LuminaQuant/var/reports/exact_window_backtests/followup_status/autonomous_multi_horizon_trend_exhaustion_fade_30m_anchor_search/_memory_guard/portfolio_four_sleeve_search_memory_latest.json",
    "comparison_json": "/home/hoky/Quants-agent/LuminaQuant/var/reports/exact_window_backtests/followup_status/autonomous_multi_horizon_trend_exhaustion_fade_30m_comparison_latest.json",