{
  "anchor_portfolio": {
    "oos": {
      "cagr": 0.32033488197694826,
      "calmar": 18.925141172137263,
      "max_drawdown": 0.016926419679688554,
      "sharpe": 2.435437522661614,
      "sortino": 7.522009855387651,
      "total_return": 0.027004739139558476,
      "volatility": 0.11683261160693743
    },
    "path": "/home/hoky/Quants-agent/LuminaQuant/var/reports/exact_window_backtests/followup_status/autonomous_single_asset_zscore_reversion_15m_anchor_opt/portfolio_optimization_latest.json",
    "train": {
      "cagr": -0.11197561020672364,
      "calmar": -0.7369907701164962,
      "max_drawdown": 0.15193624499398228,
      "sharpe": -1.667239545983324,
      "sortino": -2.6402903673533538,
      "total_return": -0.11197561020672364,
      "volatility": 0.06976403447638765
    },
    "val": {
      "cagr": 0.14404518551315149,
      "calmar": 17.352267305015626,
      "max_drawdown": 0.008301231359634231,
      "sharpe": 2.8271856934058976,
      "sortino": 5.32313748240372,
      "total_return": 0.011494829604180135,
      "volatility": 0.04800130355150399
    },
    "weights": [
      {
        "candidate_id": "feecc2c87fbb8475",
        "family": "trend",
        "fit_return": 0.04987876459743679,
        "fit_sharpe": 4.427750205476359,
        "fit_split": "val",
        "name": "composite_trend_stable_30m_stable_ls_highconv_ls_0.75_0.45_0.20_0.80",
        "oos_return": 0.029547105294839504,
        "oos_sharpe": 2.2953624409038818,
        "report_return": 0.029547105294839504,
        "report_sharpe": 2.2953624409038818,
        "report_split": "oos",
        "strategy_class": "CompositeTrendStrategy",
        "symbols": [
          "BTC/USDT",
          "ETH/USDT",
          "BNB/USDT",
          "SOL/USDT",
          "TRX/USDT"
        ],
        "timeframe": "30m",
        "weight": 0.3
      },
      {
        "candidate_id": "4b050c2ad437c77f",
        "family": "market_neutral",
        "fit_return": 0.01606720015631824,
        "fit_sharpe": 3.8797484359521275,
        "fit_split": "val",
        "name": "pair_spread_1h_core_bnbusdt_trxusdt_2.2_0.55",
        "oos_return": 0.0723750581955176,
        "oos_sharpe": 4.556884188045461,
        "report_return": 0.0723750581955176,
        "report_sharpe": 4.556884188045461,
        "report_split": "oos",
        "strategy_class": "PairSpreadZScoreStrategy",
        "symbols": [
          "BNB/USDT",
          "TRX/USDT"
        ],
        "timeframe": "1h",
        "weight": 0.3
      },
      {
        "candidate_id": "4c8fdaeabe315563",
        "family": "cross_sectional",
        "fit_return": 0.018372483665204387,
        "fit_sharpe": 1.640883072742277,
        "fit_split": "val",
        "name": "topcap_tsmom_1h_balanced_16_4_0.015",
        "oos_return": 0.032378603658792526,
        "oos_sharpe": 1.4641557597854604,
        "report_return": 0.032378603658792526,
        "report_sharpe": 1.4641557597854604,
        "report_split": "oos",
        "strategy_class": "TopCapTimeSeriesMomentumStrategy",
        "symbols": [
          "BTC/USDT",
          "ETH/USDT",
          "BNB/USDT",
          "SOL/USDT",
          "TRX/USDT"
        ],
        "timeframe": "1h",
        "weight": 0.2855848961475548
      },
      {
        "candidate_id": "1d44f198202d7cdd",
        "family": "mean_reversion",
        "fit_return": -0.11909244570583333,
        "fit_sharpe": -4.207548212367294,
        "fit_split": "val",
        "name": "mean_reversion_std_15m_balanced_ls_64_2.00",
        "oos_return": -0.11899194111519851,
        "oos_sharpe": -2.5103513541664833,
        "report_return": -0.11899194111519851,
        "report_sharpe": -2.5103513541664833,
        "report_split": "oos",
        "strategy_class": "MeanReversionStdStrategy",
        "symbols": [
          "BTC/USDT",
          "ETH/USDT",
          "XRP/USDT",
          "BNB/USDT",
          "SOL/USDT",
          "TRX/USDT",
          "DOGE/USDT",
          "ADA/USDT",
          "TON/USDT",
          "AVAX/USDT"
        ],
        "timeframe": "15m",
        "weight": 0.11441510385244519
      }
    ]
  },
  "anchor_search_peak_rss_mib": 42.58203125,
  "artifact_kind": "autonomous_single_asset_zscore_reversion_15m_decision",
  "candidate_key": "autonomous_single_asset_zscore_reversion_15m_anchor_opt",
  "decision_reason": "Reused the March 15, 2026 15m intraday exact-window evidence instead of rerunning a duplicate heavy lane. The validation-ranked single-asset probe (mean_reversion_std_15m_balanced_ls_64_2.00) was already deeply negative on both validation (-11.9092%, Sharpe -4.208) and locked OOS (-11.8992%, Sharpe -2.510), and the anchored challenger still trailed the incumbent on return, Sharpe, and max drawdown.",
  "deltas": {
    "anchor_oos_max_drawdown_delta_vs_incumbent": 0.0026490088650275023,
    "anchor_oos_sharpe_delta_vs_incumbent": -1.0706740536005435,
    "anchor_oos_total_return_delta_vs_incumbent": -0.03062326360958134,
    "probe_oos_sharpe_delta_vs_incumbent": -6.0164629304286406,
    "probe_oos_total_return_delta_vs_incumbent": -0.17661994386433832,
    "promotion_score_delta_vs_incumbent": -6.651206572040172
  },
  "generated_at": "2026-03-17T11:27:52.357344+00:00",
  "label": "Autonomous single-asset zscore 15m challenger",
  "peak_rss_mib": 2981.01953125,
  "probe_candidate": {
    "name": "mean_reversion_std_15m_balanced_ls_64_2.00",
    "oos": {
      "avg_trade": -0.00017415798427589777,
      "benchmark_corr": 0.39311944883944855,
      "cagr": -0.7389821508952705,
      "calmar": -3.9280591892137275,
      "deflated_sharpe": 0.000690938486774928,
      "exposure": 0.4253857791225416,
      "max_drawdown": 0.18812907731239947,
      "mdd": 0.18812907731239947,
      "pbo": 0.0,
      "return": -0.11899194111519851,
      "rolling_sharpe_min": -47.15696273227033,
      "sharpe": -2.5103513541664833,
      "sortino": -2.7409011972872257,
      "spa_pvalue": 1.0,
      "stability": -1.5423008261283575,
      "total_return": -0.11899194111519851,
      "trade_count": 663.0,
      "trades": 663.0,
      "turnover": 0.034190620272314676,
      "volatility": 0.4876576495057548,
      "win_rate": 0.4586989409984871,
      "worst_month": -0.0846016522567149
    },
    "val": {
      "avg_trade": -0.00018433368301887097,
      "benchmark_corr": 0.3240335973967956,
      "cagr": -0.7753020564464024,
      "calmar": -5.139010940741311,
      "deflated_sharpe": 7.842028235999221e-05,
      "exposure": 0.4158266129032258,
      "max_drawdown": 0.15086600619973844,
      "mdd": 0.15086600619973844,
      "pbo": 0.0,
      "return": -0.11909244570583333,
      "rolling_sharpe_min": -57.04160552942553,
      "sharpe": -4.207548212367294,
      "sortino": -4.079942592806415,
      "spa_pvalue": 1.0,
      "stability": -1.5351785992686549,
      "total_return": -0.11909244570583333,
      "trade_count": 661.0,
      "trades": 661.0,
      "turnover": 0.03625672043010753,
      "volatility": 0.34096376619912744,
      "win_rate": 0.47143817204301075,
      "worst_month": -0.0703571985373097
    }
  },
  "probe_peak_rss_mib": 2981.01953125,
  "recommended_action": "advance to liquidity-shock-reversion 5m next; the 15m single-asset reversion probe failed both validation and locked-OOS quality",
  "schema_version": "1.0",
  "source_artifacts": {
    "anchor_bundle": "/home/hoky/Quants-agent/LuminaQuant/var/reports/exact_window_backtests/followup_status/autonomous_single_asset_zscore_reversion_15m_anchor_latest.json",
    "anchor_portfolio": "/home/hoky/Quants-agent/LuminaQuant/var/reports/exact_window_backtests/followup_status/autonomous_single_asset_zscore_reversion_15m_anchor_opt/portfolio_optimization_latest.json",
    "anchor_search_memory": "/home/hoky/Quants-agent/LuminaQuant/var/reports/exact_window_backtests/followup_status/autonomous_single_asset_zscore_reversion_15m_anchor_search/_memory_guard/portfolio_four_sleeve_search_memory_latest.json",