{
  "anchor_portfolio": {
    "oos": {
      "cagr": 0.5165821147901493,
      "calmar": 23.03834726089827,
      "max_drawdown": 0.022422707190759117,
      "sharpe": 2.6832221906378626,
      "sortino": 9.758223574528905,
      "total_return": 0.04074254429287305,
      "volatility": 0.15983548351776994
    },
    "path": "/home/hoky/Quants-agent/LuminaQuant/var/reports/exact_window_backtests/followup_status/autonomous_vol_of_vol_exhaustion_fade_15m_anchor_opt/portfolio_optimization_latest.json",
    "train": {
      "cagr": 0.008703575464519497,
      "calmar": 0.10649668411646193,
      "max_drawdown": 0.08172625783354437,
      "sharpe": 0.13980898803129532,
      "sortino": 0.2786087339101769,
      "total_return": 0.008703575464519497,
      "volatility": 0.0919976678431982
    },
    "val": {
      "cagr": 0.3448124032462294,
      "calmar": 33.363880388942164,
      "max_drawdown": 0.010334901073452807,
      "sharpe": 3.72976013306876,
      "sortino": 7.138464135293634,
      "total_return": 0.0254805616159397,
      "volatility": 0.08029584051967763
    },
    "weights": [
      {
        "candidate_id": "feecc2c87fbb8475",
        "family": "trend",
        "fit_return": 0.04987876459743679,
        "fit_sharpe": 4.427750205476359,
        "fit_split": "val",
        "name": "composite_trend_stable_30m_stable_ls_highconv_ls_0.75_0.45_0.20_0.80",
        "oos_return": 0.029547105294839504,
        "oos_sharpe": 2.2953624409038818,
        "report_return": 0.029547105294839504,
        "report_sharpe": 2.2953624409038818,
        "report_split": "oos",
        "strategy_class": "CompositeTrendStrategy",
        "symbols": [
          "BTC/USDT",
          "ETH/USDT",
          "BNB/USDT",
          "SOL/USDT",
          "TRX/USDT"
        ],
        "timeframe": "30m",
        "weight": 0.3
      },
      {
        "candidate_id": "4c8fdaeabe315563",
        "family": "cross_sectional",
        "fit_return": 0.018372483665204387,
        "fit_sharpe": 1.640883072742277,
        "fit_split": "val",
        "name": "topcap_tsmom_1h_balanced_16_4_0.015",
        "oos_return": 0.032378603658792526,
        "oos_sharpe": 1.4641557597854604,
        "report_return": 0.032378603658792526,
        "report_sharpe": 1.4641557597854604,
        "report_split": "oos",
        "strategy_class": "TopCapTimeSeriesMomentumStrategy",
        "symbols": [
          "BTC/USDT",
          "ETH/USDT",
          "BNB/USDT",
          "SOL/USDT",
          "TRX/USDT"
        ],
        "timeframe": "1h",
        "weight": 0.3
      },
      {
        "candidate_id": "4b050c2ad437c77f",
        "family": "market_neutral",
        "fit_return": 0.01606720015631824,
        "fit_sharpe": 3.8797484359521275,
        "fit_split": "val",
        "name": "pair_spread_1h_core_bnbusdt_trxusdt_2.2_0.55",
        "oos_return": 0.0723750581955176,
        "oos_sharpe": 4.556884188045461,
        "report_return": 0.0723750581955176,
        "report_sharpe": 4.556884188045461,
        "report_split": "oos",
        "strategy_class": "PairSpreadZScoreStrategy",
        "symbols": [
          "BNB/USDT",
          "TRX/USDT"
        ],
        "timeframe": "1h",
        "weight": 0.3
      },
      {
        "candidate_id": "3665647942ca5557",
        "family": "mean_reversion",
        "fit_return": 0.0,
        "fit_sharpe": 0.0,
        "fit_split": "val",
        "name": "vol_of_vol_exhaustion_fade_15m_balanced_ls_24_1.8",
        "oos_return": 0.0,
        "oos_sharpe": 0.0,
        "report_return": 0.0,
        "report_sharpe": 0.0,
        "report_split": "oos",
        "strategy_class": "VolOfVolExhaustionFadeStrategy",
        "symbols": [
          "BTC/USDT",
          "ETH/USDT",
          "BNB/USDT",
          "SOL/USDT",
          "TRX/USDT"
        ],
        "timeframe": "15m",
        "weight": 0.09999999999999998
      }
    ]
  },
  "anchor_search_peak_rss_mib": 42.75,
  "artifact_kind": "autonomous_vol_of_vol_exhaustion_fade_15m_decision",
  "candidate_key": "autonomous_vol_of_vol_exhaustion_fade_15m_anchor_opt",
  "decision_reason": "Fresh 15m exact-window evidence showed zero participation for the best vol-of-vol exhaustion variant on both validation and locked OOS, so the anchored challenger only diluted the incumbent stack and failed the locked-OOS comparison.",
  "deltas": {
    "anchor_oos_max_drawdown_delta_vs_incumbent": 0.008145296376098066,
    "anchor_oos_sharpe_delta_vs_incumbent": -0.8228893856242947,
    "anchor_oos_total_return_delta_vs_incumbent": -0.016885458456266766,
    "probe_oos_sharpe_delta_vs_incumbent": -3.5061115762621573,
    "probe_oos_total_return_delta_vs_incumbent": -0.05762800274913982,
    "promotion_score_delta_vs_incumbent": -5.126285745932645
  },
  "generated_at": "2026-03-17T12:23:05.713323+00:00",
  "label": "Autonomous vol-of-vol exhaustion fade 15m challenger",
  "peak_rss_mib": 3139.34375,
  "probe_candidate": {
    "name": "vol_of_vol_exhaustion_fade_15m_balanced_ls_24_1.8",
    "oos": {
      "avg_trade": 0.0,
      "benchmark_corr": 0.0,
      "cagr": 0.0,
      "calmar": 0.0,
      "deflated_sharpe": 0.0,
      "exposure": 0.0,
      "max_drawdown": 0.0,
      "mdd": 0.0,
      "pbo": 0.0,
      "return": 0.0,
      "rolling_sharpe_min": 0.0,
      "sharpe": 0.0,
      "sortino": 0.0,
      "spa_pvalue": 1.0,
      "stability": 0.0,
      "total_return": 0.0,
      "trade_count": 0.0,
      "trades": 0.0,
      "turnover": 0.0,
      "volatility": 0.0,
      "win_rate": 0.0,
      "worst_month": 0.0
    },
    "val": {
      "avg_trade": 0.0,
      "benchmark_corr": 0.0,
      "cagr": 0.0,
      "calmar": 0.0,
      "deflated_sharpe": 0.0,
      "exposure": 0.0,
      "max_drawdown": 0.0,
      "mdd": 0.0,
      "pbo": 0.0,
      "return": 0.0,
      "rolling_sharpe_min": 0.0,
      "sharpe": 0.0,
      "sortino": 0.0,
      "spa_pvalue": 1.0,
      "stability": 0.0,
      "total_return": 0.0,
      "trade_count": 0.0,
      "trades": 0.0,
      "turnover": 0.0,
      "volatility": 0.0,
      "win_rate": 0.0,
      "worst_month": 0.0
    }
  },
  "probe_peak_rss_mib": 3139.34375,
  "recommended_action": "continue through the remaining shortlist items; this family needs a different trigger before another heavy run",
  "schema_version": "1.0",
  "source_artifacts": {
    "anchor_bundle": "/home/hoky/Quants-agent/LuminaQuant/var/reports/exact_window_backtests/followup_status/autonomous_vol_of_vol_exhaustion_fade_15m_anchor_latest.json",
    "anchor_portfolio": "/home/hoky/Quants-agent/LuminaQuant/var/reports/exact_window_backtests/followup_status/autonomous_vol_of_vol_exhaustion_fade_15m_anchor_opt/portfolio_optimization_latest.json",
    "anchor_search_memory": "/home/hoky/Quants-agent/LuminaQuant/var/reports/exact_window_backtests/followup_status/autonomous_vol_of_vol_exhaustion_fade_15m_anchor_search/_memory_guard/portfolio_four_sleeve_search_memory_latest.json",
    "comparison_json": "/home/hoky/Quants-agent/LuminaQuant/var/reports/exact_window_backtests/followup_status/autonomous_vol_of_vol_exhaustion_fade_15m_comparison_latest.json",
    "comparison_md": "/home/hoky/Quants-agent/LuminaQuant/var/reports/exact_window_backtests/followup_status/autonomous_vol_of_vol_exhaustion_fade_15m_comparison_latest.md",
    "details_json": "/home/hoky/Quants-agent/LuminaQuant/var/reports/exact_window_backtests/autonomous_volvol_residual_15m_20260317T120508Z/15m/exact_window_candidate_details_latest.json",
    "exact_window_memory": "/home/hoky/Quants-agent/LuminaQuant/var/reports/exact_window_backtests/autonomous_volvol_residual_15m_20260317T120508Z/15m/exact_window_memory_evidence_latest.json",
    "incumbent_portfolio": "/home/hoky/Quants-agent/LuminaQuant/var/reports/exact_window_backtests/followup_status/portfolio_one_shot_current_opt/portfolio_optimization_latest.json",