{
  "artifact_kind": "autonomous_secondary_cross_sectional_1h_pair_topcap_comparison",
  "candidate_portfolio": {
    "oos": {
      "cagr": 0.2999222112824118,
      "calmar": 8.555188446761305,
      "max_drawdown": 0.035057347146567164,
      "sharpe": 1.8733583520585342,
      "sortino": 4.79754311812622,
      "total_return": 0.02547147160075869,
      "volatility": 0.14550730184982238
    },
    "path": "/home/hoky/Quants-agent/LuminaQuant/.omx/team/continue-the-autonomous-portfo/worktrees/worker-1/var/reports/exact_window_backtests/followup_status/autonomous_cross_sectional_1h_stability_pair_topcap_opt/portfolio_optimization_latest.json",
    "train": {
      "cagr": -0.0008173555068567984,
      "calmar": -0.005828883927214936,
      "max_drawdown": 0.14022504429031135,
      "sharpe": 0.06784502752904552,
      "sortino": 0.11829287628677773,
      "total_return": -0.0008173555068567984,
      "volatility": 0.1487232913810957
    },
    "val": {
      "cagr": 0.33673564848475923,
      "calmar": 17.33458140815034,
      "max_drawdown": 0.019425657912133576,
      "sharpe": 3.0389700896246463,
      "sortino": 8.14654451898467,
      "total_return": 0.02495603468587304,
      "volatility": 0.0970332854281442
    },
    "weights": [
      {
        "candidate_id": "d32af9536de7612a",
        "family": "market_neutral",
        "fit_return": 0.030702386090858624,
        "fit_sharpe": 4.195485619338813,
        "fit_split": "val",
        "name": "pair_spread_1h_core_ethusdt_solusdt_1.8_0.45",
        "oos_return": 0.016903705925117807,
        "oos_sharpe": 1.6125886900389224,
        "report_return": 0.016903705925117807,
        "report_sharpe": 1.6125886900389224,
        "report_split": "oos",
        "strategy_class": "PairSpreadZScoreStrategy",
        "symbols": [
          "ETH/USDT",
          "SOL/USDT"
        ],
        "timeframe": "1h",
        "weight": 0.5
      },
      {
        "candidate_id": "4c8fdaeabe315563",
        "family": "cross_sectional",
        "fit_return": 0.018372483665204387,
        "fit_sharpe": 1.640883072742277,
        "fit_split": "val",
        "name": "topcap_tsmom_1h_balanced_16_4_0.015",
        "oos_return": 0.032378603658792526,
        "oos_sharpe": 1.4641557597854604,
        "report_return": 0.032378603658792526,
        "report_sharpe": 1.4641557597854604,
        "report_split": "oos",
        "strategy_class": "TopCapTimeSeriesMomentumStrategy",
        "symbols": [
          "BTC/USDT",
          "ETH/USDT",
          "BNB/USDT",
          "SOL/USDT",
          "TRX/USDT"
        ],
        "timeframe": "1h",
        "weight": 0.5
      }
    ]
  },
  "deltas": {
    "oos_max_drawdown_delta_vs_incumbent": 0.020779936331906113,
    "oos_sharpe_delta_vs_incumbent": -1.6327532242036231,
    "oos_total_return_delta_vs_incumbent": -0.03215653114838113,
    "val_sharpe_delta_vs_incumbent": -2.0282949381332696,
    "val_total_return_delta_vs_incumbent": -0.006477309048690927
  },
  "generated_at": "2026-03-16T12:36:41.357279+00:00",
  "incumbent": {
    "oos": {
      "cagr": 0.7937330662253275,
      "calmar": 55.59362804145598,
      "max_drawdown": 0.014277410814661051,
      "sharpe": 3.5061115762621573,
      "sortino": 12.199980161480926,
      "total_return": 0.05762800274913982,
      "volatility": 0.17074520784802033
    },
    "path": "/home/hoky/Quants-agent/LuminaQuant/.omx/team/continue-the-autonomous-portfo/worktrees/worker-1/var/reports/exact_window_backtests/followup_status/portfolio_one_shot_current_opt/portfolio_optimization_latest.json",
    "val": {
      "cagr": 0.43965656354699134,
      "calmar": 55.52234128859793,
      "max_drawdown": 0.007918552304228554,
      "sharpe": 5.067265027757916,
      "sortino": 8.809518260142823,
      "total_return": 0.03143334373456397,
      "volatility": 0.07244958324953144
    },
    "weights": [
      {
        "candidate_id": "4b050c2ad437c77f",
        "family": "market_neutral",
        "fit_return": 0.01606720015631824,
        "fit_sharpe": 3.8797484359521275,
        "fit_split": "val",
        "name": "pair_spread_1h_core_bnbusdt_trxusdt_2.2_0.55",
        "oos_return": 0.0723750581955176,
        "oos_sharpe": 4.556884188045461,
        "report_return": 0.0723750581955176,
        "report_sharpe": 4.556884188045461,
        "report_split": "oos",
        "strategy_class": "PairSpreadZScoreStrategy",
        "symbols": [
          "BNB/USDT",
          "TRX/USDT"
        ],
        "timeframe": "1h",
        "weight": 0.6
      },
      {
        "candidate_id": "feecc2c87fbb8475",
        "family": "trend",
        "fit_return": 0.04987876459743679,
        "fit_sharpe": 4.427750205476359,
        "fit_split": "val",
        "name": "composite_trend_stable_30m_stable_ls_highconv_ls_0.75_0.45_0.20_0.80",
        "oos_return": 0.029547105294839504,
        "oos_sharpe": 2.2953624409038818,
        "report_return": 0.029547105294839504,
        "report_sharpe": 2.2953624409038818,
        "report_split": "oos",
        "strategy_class": "CompositeTrendStrategy",
        "symbols": [
          "BTC/USDT",
          "ETH/USDT",
          "BNB/USDT",
          "SOL/USDT",
          "TRX/USDT"
        ],
        "timeframe": "30m",
        "weight": 0.2543902770880808
      },
      {
        "candidate_id": "4c8fdaeabe315563",
        "family": "cross_sectional",
        "fit_return": 0.018372483665204387,
        "fit_sharpe": 1.640883072742277,
        "fit_split": "val",
        "name": "topcap_tsmom_1h_balanced_16_4_0.015",
        "oos_return": 0.032378603658792526,
        "oos_sharpe": 1.4641557597854604,
        "report_return": 0.032378603658792526,
        "report_sharpe": 1.4641557597854604,
        "report_split": "oos",
        "strategy_class": "TopCapTimeSeriesMomentumStrategy",
        "symbols": [
          "BTC/USDT",
          "ETH/USDT",
          "BNB/USDT",
          "SOL/USDT",
          "TRX/USDT"
        ],
        "timeframe": "1h",
        "weight": 0.1456097229119192
      }
    ]
  },
  "schema_version": "1.0",
  "selection_basis": "secondary_backlog_recheck",
  "source_artifacts": {
    "source_details": "/home/hoky/Quants-agent/LuminaQuant/.omx/team/continue-the-autonomous-portfo/worktrees/worker-1/var/reports/exact_window_backtests/autonomous_cross_sectional_1h_20260314T150019Z/1h/exact_window_candidate_details_latest.json",
    "source_memory": "/home/hoky/Quants-agent/LuminaQuant/.omx/team/continue-the-autonomous-portfo/worktrees/worker-1/var/reports/exact_window_backtests/autonomous_cross_sectional_1h_20260314T150019Z/1h/exact_window_memory_evidence_latest.json",
    "source_summary": "/home/hoky/Quants-agent/LuminaQuant/.omx/team/continue-the-autonomous-portfo/worktrees/worker-1/var/reports/exact_window_backtests/autonomous_cross_sectional_1h_20260314T150019Z/1h/exact_window_suite_summary_latest.json"
  }
}