{
  "anchor_portfolio": {
    "constraints": {
      "configured": {
        "max_asset": 0.2,
        "max_family": 0.45,
        "max_metals": 0.15,
        "max_strategy": 0.15
      },
      "family_caps": {
        "market_neutral": 0.45,
        "relative_value": 0.5,
        "trend": 0.45
      },
      "max_asset": 0.25,
      "max_family": 0.5,
      "max_metals": 0.5,
      "max_strategy": 0.25
    },
    "generated_at": "2026-03-16T11:40:28.823500+00:00",
    "portfolio_metrics": {
      "oos": {
        "cagr": 0.3795103440467662,
        "calmar": 62.10031199388614,
        "max_drawdown": 0.006111246978664608,
        "sharpe": 4.103273506247384,
        "sortino": 12.877458845227915,
        "total_return": 0.031331503171906805,
        "volatility": 0.07917809216158948
      },
      "train": {
        "cagr": 0.03434755930288169,
        "calmar": 0.9282381724375298,
        "max_drawdown": 0.03700295928650066,
        "sharpe": 0.8617463789586169,
        "sortino": 1.392954521579612,
        "total_return": 0.03616747392696418,
        "volatility": 0.040120003360760256
      },
      "val": {
        "cagr": 0.18559963243074296,
        "calmar": 54.9915537326019,
        "max_drawdown": 0.003375057073914056,
        "sharpe": 5.9994736126001955,
        "sortino": 11.396726268237929,
        "total_return": 0.01883252456839868,
        "volatility": 0.02844956969358418
      }
    },
    "weights": [
      {
        "candidate_id": "lag_convergence_4h_patience_3_0018_xptusdt_xpdusdt_3_0.018",
        "family": "relative_value",
        "fit_return": 0.005637686710208589,
        "fit_sharpe": 7.371378101699353,
        "fit_split": "val",
        "name": "lag_convergence_4h_patience_3_0018_xptusdt_xpdusdt_3_0.018",
        "oos_return": 0.005628062354365637,
        "oos_sharpe": 2.010359280739448,
        "report_return": 0.005628062354365637,
        "report_sharpe": 2.010359280739448,
        "report_split": "oos",
        "strategy_class": "LagConvergenceStrategy",
        "symbols": [
          "XPT/USDT",
          "XPD/USDT"
        ],
        "timeframe": "4h",
        "weight": 0.25
      },
      {
        "candidate_id": "lag_convergence_4h_fast_1_0014_xptusdt_xpdusdt_1_0.014",
        "family": "relative_value",
        "fit_return": 0.003851755759571418,
        "fit_sharpe": 5.2948040589199685,
        "fit_split": "val",
        "name": "lag_convergence_4h_fast_1_0014_xptusdt_xpdusdt_1_0.014",
        "oos_return": 0.016940618466702695,
        "oos_sharpe": 7.9481334363201,
        "report_return": 0.016940618466702695,
        "report_sharpe": 7.9481334363201,
        "report_split": "oos",
        "strategy_class": "LagConvergenceStrategy",
        "symbols": [
          "XPT/USDT",
          "XPD/USDT"
        ],
        "timeframe": "4h",
        "weight": 0.25
      },
      {
        "candidate_id": "feecc2c87fbb8475",
        "family": "trend",
        "fit_return": 0.04987876459743679,
        "fit_sharpe": 4.427750205476359,
        "fit_split": "val",
        "name": "composite_trend_stable_30m_stable_ls_highconv_ls_0.75_0.45_0.20_0.80",
        "oos_return": 0.029547105294839504,
        "oos_sharpe": 2.2953624409038818,
        "report_return": 0.029547105294839504,
        "report_sharpe": 2.2953624409038818,
        "report_split": "oos",
        "strategy_class": "CompositeTrendStrategy",
        "symbols": [
          "BTC/USDT",
          "ETH/USDT",
          "BNB/USDT",
          "SOL/USDT",
          "TRX/USDT"
        ],
        "timeframe": "30m",
        "weight": 0.25
      },
      {
        "candidate_id": "4b050c2ad437c77f",
        "family": "market_neutral",
        "fit_return": 0.01606720015631824,
        "fit_sharpe": 3.8797484359521275,
        "fit_split": "val",
        "name": "pair_spread_1h_core_bnbusdt_trxusdt_2.2_0.55",
        "oos_return": 0.0723750581955176,
        "oos_sharpe": 4.556884188045461,
        "report_return": 0.0723750581955176,
        "report_sharpe": 4.556884188045461,
        "report_split": "oos",
        "strategy_class": "PairSpreadZScoreStrategy",
        "symbols": [
          "BNB/USDT",
          "TRX/USDT"
        ],
        "timeframe": "1h",
        "weight": 0.25
      }
    ]
  },
  "artifact_kind": "autonomous_lag_convergence_4h_decision",
  "best_variant": {
    "family": "relative_value",
    "hard_reject_reasons": {
      "pbo": 1.0
    },
    "hurdle_fields": {
      "oos": {
        "excess_return": 0.016940618466702695,
        "pass": false,
        "score": 17.825293492401144
      },
      "train": {
        "excess_return": -0.000677882708109423,
        "pass": false,
        "score": -2.0935736339750393
      },
      "val": {
        "excess_return": 0.003851755759571418,
        "pass": false,
        "score": 10.721365884929403
      }
    },
    "metadata": {
      "cost_rate": 0.0007,
      "probe_variant": "fast_1_0014",
      "source": "2026-03-11-track-c-lag-convergence-probe",
      "timeframe": "4h"
    },
    "name": "lag_convergence_4h_fast_1_0014_xptusdt_xpdusdt_1_0.014",
    "notes": "Lag convergence 4h XPT/XPD probe variant fast_1_0014.",
    "oos": {
      "avg_trade": 0.0028136171138374018,
      "benchmark_corr": 0.05803967523400799,
      "cagr": 0.8462443877777308,
      "calmar": 329.1910652849084,
      "deflated_sharpe": 0.21404299908192692,
      "exposure": 0.0,
      "max_drawdown": 0.002570678481341293,
      "mdd": 0.002570678481341293,
      "pbo": 1.0,
      "return": 0.016940618466702695,
      "rolling_sharpe_min": 0.03529868134527093,
      "sharpe": 7.9481334363201,
      "sortino": 19.123637896870363,
      "spa_pvalue": 0.1,
      "stability": 0.02611964990598681,
      "total_return": 0.016940618466702695,
      "trade_count": 6.0,
      "trades": 6.0,
      "turnover": 0.1,
      "volatility": 0.07752539044131557,
      "win_rate": 0.06666666666666667,
      "worst_month": 0.016940618466702695
    },
    "params": {
      "entry_threshold": 0.014,
      "exit_threshold": 0.004,
      "lag_bars": 1,
      "max_hold_bars": 24,
      "stop_loss_pct": 0.03,
      "stop_threshold": 0.05,
      "symbol_x": "XPT/USDT",
      "symbol_y": "XPD/USDT"
    },
    "promoted": false,
    "strategy_class": "LagConvergenceStrategy",
    "strategy_timeframe": "4h",
    "symbols": [
      "XPT/USDT",
      "XPD/USDT"
    ],
    "tags": [
      "probe",
      "relative_value",
      "lag_convergence",
      "metals"
    ],
    "train": {
      "avg_trade": -1.7256619972809634e-05,
      "benchmark_corr": 0.21938772497826353,
      "cagr": -0.013656508213075735,
      "calmar": -0.5545788644272303,
      "deflated_sharpe": 0.029105542657575645,
      "exposure": 0.0,
      "max_drawdown": 0.024625006629454216,
      "mdd": 0.024625006629454216,
      "pbo": 0.5,
      "return": -0.000677882708109423,
      "rolling_sharpe_min": -6.9113850807385155,
      "sharpe": -0.0436559959917918,
      "sortino": -0.03683147964700427,
      "spa_pvalue": 1.0,
      "stability": -1.5003389413540547,
      "total_return": -0.000677882708109423,
      "trade_count": 16.0,
      "trades": 16.0,
      "turnover": 0.14814814814814814,
      "volatility": 0.1282484651391258,
      "win_rate": 0.14814814814814814,
      "worst_month": -0.000677882708109423
    },
    "val": {
      "avg_trade": 0.0006427211544883506,
      "benchmark_corr": 0.22453062788720196,
      "cagr": 0.1917213521511678,
      "calmar": 260.8369873665044,
      "deflated_sharpe": 0.057520576613732666,
      "exposure": 0.0,
      "max_drawdown": 0.0007350236409600086,
      "mdd": 0.0007350236409600086,
      "pbo": 1.0,
      "return": 0.003851755759571418,
      "rolling_sharpe_min": -8.272696053887149,
      "sharpe": 5.2948040589199685,
      "sortino": 0.0,
      "spa_pvalue": 0.19,
      "stability": -1.4980741221202143,
      "total_return": 0.003851755759571418,
      "trade_count": 6.0,
      "trades": 6.0,
      "turnover": 0.125,