{
  "anchor_portfolio": {
    "oos": {
      "cagr": 0.27604081128916347,
      "calmar": 9.05694565278524,
      "max_drawdown": 0.030478355714133487,
      "sharpe": 1.5879176110681714,
      "sortino": 4.232813763645834,
      "total_return": 0.023649778038482783,
      "volatility": 0.16141647562424052
    },
    "path": "/home/hoky/Quants-agent/LuminaQuant/var/reports/exact_window_backtests/followup_status/autonomous_topcap_rotation_relative_momentum_1h_anchor_opt/portfolio_optimization_latest.json",
    "train": {
      "cagr": -0.017201428626277382,
      "calmar": -0.19588590616413407,
      "max_drawdown": 0.08781350819524603,
      "sharpe": -0.13119969501776732,
      "sortino": -0.2471589387398093,
      "total_return": -0.017201428626277382,
      "volatility": 0.09681314920999819
    },
    "val": {
      "cagr": 0.3821122239500103,
      "calmar": 37.05515062123353,
      "max_drawdown": 0.010311986796541328,
      "sharpe": 4.09846624658193,
      "sortino": 8.44413478526932,
      "total_return": 0.02786612859065074,
      "volatility": 0.0797428536678236
    },
    "weights": [
      {
        "candidate_id": "4b050c2ad437c77f",
        "family": "market_neutral",
        "fit_return": 0.01606720015631824,
        "fit_sharpe": 3.8797484359521275,
        "fit_split": "val",
        "name": "pair_spread_1h_core_bnbusdt_trxusdt_2.2_0.55",
        "oos_return": 0.0723750581955176,
        "oos_sharpe": 4.556884188045461,
        "report_return": 0.0723750581955176,
        "report_sharpe": 4.556884188045461,
        "report_split": "oos",
        "strategy_class": "PairSpreadZScoreStrategy",
        "symbols": [
          "BNB/USDT",
          "TRX/USDT"
        ],
        "timeframe": "1h",
        "weight": 0.3
      },
      {
        "candidate_id": "feecc2c87fbb8475",
        "family": "trend",
        "fit_return": 0.04987876459743679,
        "fit_sharpe": 4.427750205476359,
        "fit_split": "val",
        "name": "composite_trend_stable_30m_stable_ls_highconv_ls_0.75_0.45_0.20_0.80",
        "oos_return": 0.029547105294839504,
        "oos_sharpe": 2.2953624409038818,
        "report_return": 0.029547105294839504,
        "report_sharpe": 2.2953624409038818,
        "report_split": "oos",
        "strategy_class": "CompositeTrendStrategy",
        "symbols": [
          "BTC/USDT",
          "ETH/USDT",
          "BNB/USDT",
          "SOL/USDT",
          "TRX/USDT"
        ],
        "timeframe": "30m",
        "weight": 0.276559524567739
      },
      {
        "candidate_id": "9a24887d739bf4b0",
        "family": "cross_sectional",
        "fit_return": 0.023316154236403097,
        "fit_sharpe": 2.535141733571969,
        "fit_split": "val",
        "name": "topcap_tsmom_1h_defensive_24_6_0.020",
        "oos_return": -0.04180410595346551,
        "oos_sharpe": -2.4508451659569865,
        "report_return": -0.04180410595346551,
        "report_sharpe": -2.4508451659569865,
        "report_split": "oos",
        "strategy_class": "TopCapTimeSeriesMomentumStrategy",
        "symbols": [
          "BTC/USDT",
          "ETH/USDT",
          "BNB/USDT",
          "SOL/USDT",
          "TRX/USDT"
        ],
        "timeframe": "1h",
        "weight": 0.26514136037992947
      },
      {
        "candidate_id": "4c8fdaeabe315563",
        "family": "cross_sectional",
        "fit_return": 0.018372483665204387,
        "fit_sharpe": 1.640883072742277,
        "fit_split": "val",
        "name": "topcap_tsmom_1h_balanced_16_4_0.015",
        "oos_return": 0.032378603658792526,
        "oos_sharpe": 1.4641557597854604,
        "report_return": 0.032378603658792526,
        "report_sharpe": 1.4641557597854604,
        "report_split": "oos",
        "strategy_class": "TopCapTimeSeriesMomentumStrategy",
        "symbols": [
          "BTC/USDT",
          "ETH/USDT",
          "BNB/USDT",
          "SOL/USDT",
          "TRX/USDT"
        ],
        "timeframe": "1h",
        "weight": 0.15829911505233146
      }
    ]
  },
  "anchor_search_peak_rss_mib": 42.5859375,
  "artifact_kind": "autonomous_topcap_rotation_relative_momentum_1h_decision",
  "candidate_key": "autonomous_topcap_rotation_relative_momentum_1h_anchor_opt",
  "decision_reason": "Reused the March 15, 2026 topcap 1h exact-window evidence. The best validation-ranked topcap rotation variant (topcap_tsmom_1h_defensive_24_6_0.020) flipped negative on locked OOS, and the anchored challenger materially trailed the incumbent on return, Sharpe, and max drawdown.",
  "deltas": {
    "anchor_oos_max_drawdown_delta_vs_incumbent": 0.016200944899472436,
    "anchor_oos_sharpe_delta_vs_incumbent": -1.9181939651939859,
    "anchor_oos_total_return_delta_vs_incumbent": -0.033978224710657035,
    "probe_oos_sharpe_delta_vs_incumbent": -5.956956742219144,
    "probe_oos_total_return_delta_vs_incumbent": -0.09943210870260533,
    "promotion_score_delta_vs_incumbent": -9.757959920839966
  },
  "generated_at": "2026-03-17T11:27:52.984499+00:00",
  "label": "Autonomous topcap rotation 1h challenger",
  "peak_rss_mib": 3096.96875,
  "probe_candidate": {
    "name": "topcap_tsmom_1h_defensive_24_6_0.020",
    "oos": {
      "avg_trade": -0.0005421946959917063,
      "benchmark_corr": -0.17243793761474288,
      "cagr": -0.3638571132516756,
      "calmar": -5.031245083534895,
      "deflated_sharpe": 0.00010594494202009752,
      "exposure": 0.17968561064087066,
      "max_drawdown": 0.07231949690592965,
      "mdd": 0.07231949690592965,
      "pbo": 0.0,
      "return": -0.04180410595346551,
      "rolling_sharpe_min": -26.77872307916983,
      "sharpe": -2.4508451659569865,
      "sortino": -2.863146690415784,
      "spa_pvalue": 1.0,
      "stability": -1.5207377489638518,
      "total_return": -0.04180410595346551,
      "trade_count": 76.0,
      "trades": 76.0,
      "turnover": 0.028053204353083432,
      "volatility": 0.17809493914352176,
      "win_rate": 0.3301088270858525,
      "worst_month": -0.041475497927703664
    },
    "val": {
      "avg_trade": 0.0004529985518836209,
      "benchmark_corr": -0.23943546246183856,
      "cagr": 0.3117699446541291,
      "calmar": 13.501544219079184,
      "deflated_sharpe": 0.011926979107427849,
      "exposure": 0.12607526881720432,
      "max_drawdown": 0.023091428624406052,
      "mdd": 0.023091428624406052,
      "pbo": 0.375,
      "return": 0.023316154236403097,
      "rolling_sharpe_min": -19.495166305232132,
      "sharpe": 2.535141733571969,
      "sortino": 2.9486237180700434,
      "spa_pvalue": 0.295,
      "stability": -1.4954607173922354,
      "total_return": 0.023316154236403097,
      "trade_count": 52.0,
      "trades": 52.0,
      "turnover": 0.020161290322580645,
      "volatility": 0.10940296273458881,
      "win_rate": 0.23790322580645162,
      "worst_month": 0.00907856521552941
    }
  },
  "probe_peak_rss_mib": 3096.96875,
  "recommended_action": "all new-hypothesis refresh lanes are now exhausted without beating the incumbent; wait for the deferred 2026-03-31 XPT/XPD retune window or invent a new family",
  "schema_version": "1.0",
  "source_artifacts": {
    "anchor_bundle": "/home/hoky/Quants-agent/LuminaQuant/var/reports/exact_window_backtests/followup_status/autonomous_topcap_rotation_relative_momentum_1h_anchor_latest.json",
    "anchor_portfolio": "/home/hoky/Quants-agent/LuminaQuant/var/reports/exact_window_backtests/followup_status/autonomous_topcap_rotation_relative_momentum_1h_anchor_opt/portfolio_optimization_latest.json",
    "anchor_search_memory": "/home/hoky/Quants-agent/LuminaQuant/var/reports/exact_window_backtests/followup_status/autonomous_topcap_rotation_relative_momentum_1h_anchor_search/_memory_guard/portfolio_four_sleeve_search_memory_latest.json",
    "comparison_json": "/home/hoky/Quants-agent/LuminaQuant/var/reports/exact_window_backtests/followup_status/autonomous_topcap_rotation_relative_momentum_1h_comparison_latest.json",