{
  "anchored_challenger": {
    "oos": {
      "cagr": 0.6721279004221061,
      "calmar": 46.87683158137706,
      "max_drawdown": 0.014338168296534892,
      "sharpe": 3.3399147634411137,
      "sortino": 12.132653392050479,
      "total_return": 0.050532284452287746,
      "volatility": 0.15758053460783877
    },
    "path": "/home/hoky/Quants-agent/LuminaQuant/.omx/team/continue-the-autonomous-portfo/worktrees/worker-1/var/reports/exact_window_backtests/followup_status/autonomous_fourth_sleeve_probes/regime_breakout_30m_trend_ls_64_0.72_run_02/portfolio_optimization_latest.json",
    "train": {
      "cagr": 0.028662696026351187,
      "calmar": 0.40102065275235854,
      "max_drawdown": 0.07147436380053773,
      "sharpe": 0.40958310114573326,
      "sortino": 0.7178458814964644,
      "total_return": 0.031054755313634663,
      "volatility": 0.07600370109345929
    },
    "val": {
      "cagr": 0.23663203636532604,
      "calmar": 34.70031186089736,
      "max_drawdown": 0.0068193057547698555,
      "sharpe": 3.690308782268639,
      "sortino": 7.264688892047521,
      "total_return": 0.026531109970909794,
      "volatility": 0.05801547801050995
    },
    "weights": [
      {
        "candidate_id": "4b050c2ad437c77f",
        "family": "market_neutral",
        "fit_return": 0.01606720015631824,
        "fit_sharpe": 3.8797484359521275,
        "fit_split": "val",
        "name": "pair_spread_1h_core_bnbusdt_trxusdt_2.2_0.55",
        "oos_return": 0.0723750581955176,
        "oos_sharpe": 4.556884188045461,
        "report_return": 0.0723750581955176,
        "report_sharpe": 4.556884188045461,
        "report_split": "oos",
        "strategy_class": "PairSpreadZScoreStrategy",
        "symbols": [
          "BNB/USDT",
          "TRX/USDT"
        ],
        "timeframe": "1h",
        "weight": 0.5
      },
      {
        "candidate_id": "feecc2c87fbb8475",
        "family": "trend",
        "fit_return": 0.04987876459743679,
        "fit_sharpe": 4.427750205476359,
        "fit_split": "val",
        "name": "composite_trend_stable_30m_stable_ls_highconv_ls_0.75_0.45_0.20_0.80",
        "oos_return": 0.029547105294839504,
        "oos_sharpe": 2.2953624409038818,
        "report_return": 0.029547105294839504,
        "report_sharpe": 2.2953624409038818,
        "report_split": "oos",
        "strategy_class": "CompositeTrendStrategy",
        "symbols": [
          "BTC/USDT",
          "ETH/USDT",
          "BNB/USDT",
          "SOL/USDT",
          "TRX/USDT"
        ],
        "timeframe": "30m",
        "weight": 0.26863717951781974
      },
      {
        "candidate_id": "4c8fdaeabe315563",
        "family": "cross_sectional",
        "fit_return": 0.018372483665204387,
        "fit_sharpe": 1.640883072742277,
        "fit_split": "val",
        "name": "topcap_tsmom_1h_balanced_16_4_0.015",
        "oos_return": 0.032378603658792526,
        "oos_sharpe": 1.4641557597854604,
        "report_return": 0.032378603658792526,
        "report_sharpe": 1.4641557597854604,
        "report_split": "oos",
        "strategy_class": "TopCapTimeSeriesMomentumStrategy",
        "symbols": [
          "BTC/USDT",
          "ETH/USDT",
          "BNB/USDT",
          "SOL/USDT",
          "TRX/USDT"
        ],
        "timeframe": "1h",
        "weight": 0.1537644666344128
      },
      {
        "candidate_id": "d547268a3a36e777",
        "family": "trend",
        "fit_return": 0.020039106483141556,
        "fit_sharpe": 1.4767965938135987,
        "fit_split": "val",
        "name": "regime_breakout_30m_trend_ls_64_0.72",
        "oos_return": 0.012730877787368033,
        "oos_sharpe": 1.0698626073964255,
        "report_return": 0.012730877787368033,
        "report_sharpe": 1.0698626073964255,
        "report_split": "oos",
        "strategy_class": "RegimeBreakoutCandidateStrategy",
        "symbols": [
          "BTC/USDT",
          "ETH/USDT",
          "BNB/USDT",
          "SOL/USDT",
          "TRX/USDT",
          "XAU/USDT",
          "XAG/USDT"
        ],
        "timeframe": "30m",
        "weight": 0.07759835384776749
      }
    ]
  },
  "artifact_kind": "autonomous_regime_breakout_30m_comparison",
  "candidate": {
    "hard_reject_reasons": {},
    "hurdle_fields": {
      "oos": {
        "excess_return": 0.012730877787368033,
        "pass": true,
        "score": 1.8405550279281917
      },
      "train": {
        "excess_return": 0.030379264957066665,
        "pass": false,
        "score": 2.9393962977629924
      },
      "val": {
        "excess_return": 0.020039106483141556,
        "pass": false,
        "score": 2.646113469574437
      }
    },
    "name": "regime_breakout_30m_trend_ls_64_0.72",
    "oos": {
      "avg_trade": 8.523477357863343e-05,
      "benchmark_corr": -0.1568590323395716,
      "cagr": 0.3116444875396436,
      "calmar": 4.802245396007886,
      "deflated_sharpe": 0.02275337301574104,
      "exposure": 0.37873754152823924,
      "max_drawdown": 0.06489557734777862,
      "mdd": 0.06489557734777862,
      "pbo": 0.375,
      "return": 0.012730877787368033,
      "rolling_sharpe_min": -30.91929015607505,
      "sharpe": 1.0698626073964255,
      "sortino": 1.3714356881873162,
      "spa_pvalue": 0.45,
      "stability": -1.493634561106316,
      "total_return": 0.012730877787368033,
      "trade_count": 172.0,
      "trades": 172.0,
      "turnover": 0.04248994579471935,
      "volatility": 0.293852435920519,
      "win_rate": 0.47123623011015914,
      "worst_month": 0.012730877787368033
    },
    "strategy_class": "RegimeBreakoutCandidateStrategy",
    "timeframe": "30m",
    "train": {
      "avg_trade": 0.0001079176388288725,
      "benchmark_corr": -0.41390883051791316,
      "cagr": 0.457418646619526,
      "calmar": 6.112679436598373,
      "deflated_sharpe": 0.03580102076575753,
      "exposure": 0.3438013136288998,
      "max_drawdown": 0.0748311197019148,
      "mdd": 0.0748311197019148,
      "pbo": 0.75,
      "return": 0.030379264957066665,
      "rolling_sharpe_min": -38.2840396628293,
      "sharpe": 1.5325669997278124,
      "sortino": 2.009261783796997,
      "spa_pvalue": 0.345,
      "stability": -1.4848103675214666,
      "total_return": 0.030379264957066665,
      "trade_count": 304.0,
      "trades": 304.0,
      "turnover": 0.04125615763546797,
      "volatility": 0.2694271859043975,
      "win_rate": 0.4382183908045977,
      "worst_month": 0.030379264957066665
    },
    "val": {
      "avg_trade": 0.00016320260147577876,
      "benchmark_corr": -0.5319517975007398,
      "cagr": 0.7455562681931569,
      "calmar": 7.11796553657181,
      "deflated_sharpe": 0.025360764593204244,
      "exposure": 0.42010073260073255,
      "max_drawdown": 0.10474288816973332,
      "mdd": 0.10474288816973332,
      "pbo": 0.625,
      "return": 0.020039106483141556,
      "rolling_sharpe_min": -28.16923924082606,
      "sharpe": 1.4767965938135987,
      "sortino": 1.872054762755943,
      "spa_pvalue": 0.38,
      "stability": -1.4899804467584292,
      "total_return": 0.020039106483141556,
      "trade_count": 143.0,
      "trades": 143.0,
      "turnover": 0.04235347985347985,
      "volatility": 0.44370257059785617,
      "win_rate": 0.4423076923076923,
      "worst_month": 0.020039106483141556
    }
  },
  "deltas": {
    "anchor_oos_max_drawdown_delta_vs_incumbent": 6.0757481873841e-05,
    "anchor_oos_sharpe_delta_vs_incumbent": -0.1661968128210436,
    "anchor_oos_total_return_delta_vs_incumbent": -0.0070957182968520716,
    "candidate_oos_sharpe_delta_vs_incumbent": -2.4362489688657316,
    "candidate_oos_total_return_delta_vs_incumbent": -0.044897124961771784
  },
  "generated_at": "2026-03-16T11:56:12.684820+00:00",
  "incumbent": {
    "oos": {
      "cagr": 0.7937330662253275,
      "calmar": 55.59362804145598,
      "max_drawdown": 0.014277410814661051,
      "sharpe": 3.5061115762621573,
      "sortino": 12.199980161480926,
      "total_return": 0.05762800274913982,