{
  "anchor_portfolio": {
    "portfolio_metrics": {
      "oos": {
        "cagr": 0.693785091962901,
        "calmar": 42.169609437532245,
        "max_drawdown": 0.016452253203592893,
        "sharpe": 3.2493926615716116,
        "sortino": 11.741192492461074,
        "total_return": 0.051829427310355225,
        "volatility": 0.16634349858680117
      },
      "train": {
        "cagr": 0.02989635188028772,
        "calmar": 0.3995984825091484,
        "max_drawdown": 0.0748159795116421,
        "sharpe": 0.38521311559792637,
        "sortino": 0.717534293404377,
        "total_return": 0.02989635188028772,
        "volatility": 0.08600236186646883
      },
      "val": {
        "cagr": 0.37501224255982746,
        "calmar": 50.41243399940642,
        "max_drawdown": 0.007438883878613023,
        "sharpe": 4.649976358817286,
        "sortino": 8.427308369509293,
        "total_return": 0.02741661565219422,
        "volatility": 0.0690113873743435
      }
    },
    "weights": [
      {
        "candidate_id": "4b050c2ad437c77f",
        "family": "market_neutral",
        "fit_return": 0.01606720015631824,
        "fit_sharpe": 3.8797484359521275,
        "fit_split": "val",
        "name": "pair_spread_1h_core_bnbusdt_trxusdt_2.2_0.55",
        "oos_return": 0.0723750581955176,
        "oos_sharpe": 4.556884188045461,
        "report_return": 0.0723750581955176,
        "report_sharpe": 4.556884188045461,
        "report_split": "oos",
        "strategy_class": "PairSpreadZScoreStrategy",
        "symbols": [
          "BNB/USDT",
          "TRX/USDT"
        ],
        "timeframe": "1h",
        "weight": 0.5
      },
      {
        "candidate_id": "feecc2c87fbb8475",
        "family": "trend",
        "fit_return": 0.04987876459743679,
        "fit_sharpe": 4.427750205476359,
        "fit_split": "val",
        "name": "composite_trend_stable_30m_stable_ls_highconv_ls_0.75_0.45_0.20_0.80",
        "oos_return": 0.029547105294839504,
        "oos_sharpe": 2.2953624409038818,
        "report_return": 0.029547105294839504,
        "report_sharpe": 2.2953624409038818,
        "report_split": "oos",
        "strategy_class": "CompositeTrendStrategy",
        "symbols": [
          "BTC/USDT",
          "ETH/USDT",
          "BNB/USDT",
          "SOL/USDT",
          "TRX/USDT"
        ],
        "timeframe": "30m",
        "weight": 0.317987846360101
      },
      {
        "candidate_id": "4c8fdaeabe315563",
        "family": "cross_sectional",
        "fit_return": 0.018372483665204387,
        "fit_sharpe": 1.640883072742277,
        "fit_split": "val",
        "name": "topcap_tsmom_1h_balanced_16_4_0.015",
        "oos_return": 0.032378603658792526,
        "oos_sharpe": 1.4641557597854604,
        "report_return": 0.032378603658792526,
        "report_sharpe": 1.4641557597854604,
        "report_split": "oos",
        "strategy_class": "TopCapTimeSeriesMomentumStrategy",
        "symbols": [
          "BTC/USDT",
          "ETH/USDT",
          "BNB/USDT",
          "SOL/USDT",
          "TRX/USDT"
        ],
        "timeframe": "1h",
        "weight": 0.182012153639899
      }
    ]
  },
  "artifact_kind": "autonomous_rolling_breakout_30m_decision",
  "best_variant": {
    "family": "trend",
    "hard_reject_reasons": {
      "pbo": 0.5
    },
    "hurdle_fields": {
      "oos": {
        "excess_return": 0.07215178856864402,
        "pass": false,
        "score": 5.452115299506335
      },
      "train": {
        "excess_return": -0.19213572843509463,
        "pass": false,
        "score": -9.197604693326879
      },
      "val": {
        "excess_return": 0.10000773554510678,
        "pass": true,
        "score": 12.36863278893753
      }
    },
    "metadata": {
      "activation_rule_conditions": [
        "basket_vol_ratio_moderate"
      ],
      "activation_rule_id": "basket_vol_ratio_moderate",
      "activation_rule_label": "Moderate basket volatility regime",
      "activation_rule_survives": true,
      "activation_signal_lag_days": 1,
      "allow_short": true,
      "article_pipeline_family_ids": [
        "regime-breakout-thrust"
      ],
      "cost_rate": 0.0005,
      "family": "trend",
      "hypothesis_origin": "article_research_pipeline",
      "retune_profile": "guarded_ls",
      "timeframe": "30m"
    },
    "name": "rolling_breakout_30m_guarded_ls_64_0.002",
    "notes": "Single-asset channel breakout with ATR-aware protective stops for 30m (guarded_ls).",
    "oos": {
      "activation_ratio": 0.6857142857142857,
      "avg_trade": 0.0018155692446188711,
      "benchmark_corr": -0.557484001426164,
      "cagr": 1.0935227286831641,
      "calmar": 6.67923423451659,
      "deflated_sharpe": 0.07366627116593671,
      "exposure": 0.4926150121065375,
      "gate_days": 24,
      "max_drawdown": 0.16371977539462768,
      "mdd": 0.16371977539462768,
      "pbo": 0.5,
      "return": 0.07215178856864402,
      "rolling_sharpe_min": -21.608919525038825,
      "sharpe": 1.7139179892519463,
      "sortino": 1.8618849691618478,
      "spa_pvalue": 0.275,
      "stability": -1.5006903922463195,
      "total_days": 35,
      "total_return": 0.07215178856864402,
      "trade_count": 45.0,
      "trades": 45.0,
      "turnover": 0.011622276029055691,
      "volatility": 0.5055444567414288,
      "win_rate": 0.35351089588377727,
      "worst_month": -0.00138078449263912
    },
    "params": {
      "allow_short": true,
      "atr_stop_multiplier": 2.8,
      "atr_window": 21,
      "breakout_buffer": 0.002,
      "lookback_bars": 64,
      "stop_loss_pct": 0.03
    },
    "strategy_class": "RollingBreakoutStrategy",
    "strategy_timeframe": "30m",
    "survives_train_val": true,
    "symbols": [
      "BTC/USDT",
      "ETH/USDT",
      "BNB/USDT",
      "SOL/USDT",
      "TRX/USDT"
    ],
    "tags": [
      "trend",
      "breakout",
      "single_asset",
      "atr",
      "article_pipeline",
      "article_family:regime-breakout-thrust"
    ],
    "train": {
      "activation_ratio": 0.6065573770491803,
      "avg_trade": -0.000270086036304429,
      "benchmark_corr": -0.28345226867729717,
      "cagr": -0.19212589064317154,
      "calmar": -0.3864182621601877,
      "deflated_sharpe": 0.008574051921233783,
      "exposure": 0.40109582786370646,
      "gate_days": 222,
      "max_drawdown": 0.49719671520992126,
      "mdd": 0.49719671520992126,
      "pbo": 0.125,
      "return": -0.19213572843509463,
      "rolling_sharpe_min": -36.851936887861385,
      "sharpe": -0.41548311848101693,
      "sortino": -0.40837546239170874,
      "spa_pvalue": 1.0,
      "stability": -1.605700986939718,
      "total_days": 366,
      "total_return": -0.19213572843509463,
      "trade_count": 552.0,
      "trades": 552.0,
      "turnover": 0.01215684036299298,
      "volatility": 0.3588087610170518,
      "win_rate": 0.3019804805661777,
      "worst_month": -0.21140197387943627
    },
    "val": {
      "activation_ratio": 0.6875,
      "avg_trade": 0.0021520520318208556,
      "benchmark_corr": -0.3263714136347461,
      "cagr": 2.0718601915282298,
      "calmar": 26.829935204830168,
      "deflated_sharpe": 0.2015307718462005,
      "exposure": 0.4227150537634409,
      "gate_days": 22,
      "max_drawdown": 0.07722196031078132,
      "mdd": 0.07722196031078132,
      "pbo": 0.375,
      "return": 0.10000773554510678,
      "rolling_sharpe_min": -34.28714274377035,
      "sharpe": 3.956885466101397,
      "sortino": 4.805666918312568,
      "spa_pvalue": 0.12,
      "stability": -1.4793019295688108,
      "total_days": 32,
      "total_return": 0.10000773554510678,
      "trade_count": 46.0,
      "trades": 46.0,
      "turnover": 0.010618279569892473,
      "volatility": 0.29456984763218336,
      "win_rate": 0.33131720430107525,
      "worst_month": 0.041396140862378195
    }
  },
  "candidate_key": "autonomous_rolling_breakout_30m_anchor_opt",