{
  "anchor_portfolio": {
    "oos": {
      "cagr": 0.2162719951076466,
      "calmar": 8.177924819237724,
      "max_drawdown": 0.026445828237365188,
      "sharpe": 1.5648311364363126,
      "sortino": 3.4538703606343333,
      "total_return": 0.018951773287623208,
      "volatility": 0.13036546365103432
    },
    "path": "/home/hoky/Quants-agent/LuminaQuant/var/reports/exact_window_backtests/followup_status/autonomous_sector_dispersion_reversion_30m_anchor_opt/portfolio_optimization_latest.json",
    "train": {
      "cagr": -0.039510579122752465,
      "calmar": -0.41269229544699465,
      "max_drawdown": 0.09573859158179299,
      "sharpe": -0.575244412688082,
      "sortino": -1.1465890116801907,
      "total_return": -0.039510579122752465,
      "volatility": 0.06628269681146108
    },
    "val": {
      "cagr": 0.5394983873189243,
      "calmar": 80.55933079785193,
      "max_drawdown": 0.006696907508736527,
      "sharpe": 6.3233737369167295,
      "sortino": 17.24091626751489,
      "total_return": 0.037323940321677185,
      "volatility": 0.06863111436184181
    },
    "weights": [
      {
        "candidate_id": "feecc2c87fbb8475",
        "family": "trend",
        "fit_return": 0.04987876459743679,
        "fit_sharpe": 4.427750205476359,
        "fit_split": "val",
        "name": "composite_trend_stable_30m_stable_ls_highconv_ls_0.75_0.45_0.20_0.80",
        "oos_return": 0.029547105294839504,
        "oos_sharpe": 2.2953624409038818,
        "report_return": 0.029547105294839504,
        "report_sharpe": 2.2953624409038818,
        "report_split": "oos",
        "strategy_class": "CompositeTrendStrategy",
        "symbols": [
          "BTC/USDT",
          "ETH/USDT",
          "BNB/USDT",
          "SOL/USDT",
          "TRX/USDT"
        ],
        "timeframe": "30m",
        "weight": 0.286189040721757
      },
      {
        "candidate_id": "773a557bc2a18453",
        "family": "market_neutral",
        "fit_return": 0.05625076570912957,
        "fit_sharpe": 7.744172067003331,
        "fit_split": "val",
        "name": "pair_spread_30m_sector_btcusdt_trxusdt_2.0_0.50",
        "oos_return": -0.05264521793558441,
        "oos_sharpe": -4.847939332414741,
        "report_return": -0.05264521793558441,
        "report_sharpe": -4.847939332414741,
        "report_split": "oos",
        "strategy_class": "PairSpreadZScoreStrategy",
        "symbols": [
          "BTC/USDT",
          "TRX/USDT"
        ],
        "timeframe": "30m",
        "weight": 0.2750000165118999
      },
      {
        "candidate_id": "4b050c2ad437c77f",
        "family": "market_neutral",
        "fit_return": 0.01606720015631824,
        "fit_sharpe": 3.8797484359521275,
        "fit_split": "val",
        "name": "pair_spread_1h_core_bnbusdt_trxusdt_2.2_0.55",
        "oos_return": 0.0723750581955176,
        "oos_sharpe": 4.556884188045461,
        "report_return": 0.0723750581955176,
        "report_sharpe": 4.556884188045461,
        "report_split": "oos",
        "strategy_class": "PairSpreadZScoreStrategy",
        "symbols": [
          "BNB/USDT",
          "TRX/USDT"
        ],
        "timeframe": "1h",
        "weight": 0.2750000165118999
      },
      {
        "candidate_id": "4c8fdaeabe315563",
        "family": "cross_sectional",
        "fit_return": 0.018372483665204387,
        "fit_sharpe": 1.640883072742277,
        "fit_split": "val",
        "name": "topcap_tsmom_1h_balanced_16_4_0.015",
        "oos_return": 0.032378603658792526,
        "oos_sharpe": 1.4641557597854604,
        "report_return": 0.032378603658792526,
        "report_sharpe": 1.4641557597854604,
        "report_split": "oos",
        "strategy_class": "TopCapTimeSeriesMomentumStrategy",
        "symbols": [
          "BTC/USDT",
          "ETH/USDT",
          "BNB/USDT",
          "SOL/USDT",
          "TRX/USDT"
        ],
        "timeframe": "1h",
        "weight": 0.16381092625444318
      }
    ]
  },
  "anchor_search_peak_rss_mib": 42.53125,
  "artifact_kind": "autonomous_sector_dispersion_reversion_30m_decision",
  "candidate_key": "autonomous_sector_dispersion_reversion_30m_anchor_opt",
  "decision_reason": "Sector-dispersion 30m added eight bounded crypto-pair candidates, but the best validation-ranked probe (pair_spread_30m_sector_btcusdt_trxusdt_2.0_0.50) still flipped to negative locked-OOS performance (return -5.2645%, Sharpe -4.848). The anchored four-sleeve challenger then materially trailed the incumbent on locked-OOS return, Sharpe, and max drawdown.",
  "deltas": {
    "anchor_oos_max_drawdown_delta_vs_incumbent": 0.012168417422704136,
    "anchor_oos_sharpe_delta_vs_incumbent": -1.9412804398258448,
    "anchor_oos_total_return_delta_vs_incumbent": -0.03867622946151661,
    "probe_oos_sharpe_delta_vs_incumbent": -8.354050908676898,
    "probe_oos_total_return_delta_vs_incumbent": -0.11027322068472423,
    "promotion_score_delta_vs_incumbent": -10.149140348502222
  },
  "generated_at": "2026-03-17T11:04:50.316725+00:00",
  "label": "Autonomous sector-dispersion 30m challenger",
  "peak_rss_mib": 3541.1640625,
  "probe_candidate": {
    "name": "pair_spread_30m_sector_btcusdt_trxusdt_2.0_0.50",
    "oos": {
      "avg_trade": -0.002812494901704605,
      "benchmark_corr": -0.25373450621662674,
      "cagr": -0.4362848795246258,
      "calmar": -4.770851690745803,
      "deflated_sharpe": 4.240933852395212e-05,
      "exposure": 0.0,
      "max_drawdown": 0.09144800714952084,
      "mdd": 0.09144800714952084,
      "pbo": 0.0,
      "return": -0.05264521793558441,
      "rolling_sharpe_min": -40.87166523143552,
      "sharpe": -4.847939332414741,
      "sortino": -2.881272990235608,
      "spa_pvalue": 1.0,
      "stability": -1.5378323899486694,
      "total_return": -0.05264521793558441,
      "trade_count": 19.0,
      "trades": 19.0,
      "turnover": 0.011494252873563218,
      "volatility": 0.11682866571094362,
      "win_rate": 0.07078039927404718,
      "worst_month": -0.07566477989733877
    },
    "val": {
      "avg_trade": 0.005502347903599707,
      "benchmark_corr": -0.3450293360127964,
      "cagr": 0.9047487237599585,
      "calmar": 68.74678609785141,
      "deflated_sharpe": 0.40139321608961026,
      "exposure": 0.0,
      "max_drawdown": 0.013160596663706947,
      "mdd": 0.013160596663706947,
      "pbo": 0.375,
      "return": 0.05625076570912957,
      "rolling_sharpe_min": -16.582894550151025,
      "sharpe": 7.744172067003331,
      "sortino": 4.085039726654824,
      "spa_pvalue": 0.02,
      "stability": -1.4900764066539947,
      "total_return": 0.05625076570912957,
      "trade_count": 10.0,
      "trades": 10.0,
      "turnover": 0.006720430107526882,
      "volatility": 0.08365737308909547,
      "win_rate": 0.07325268817204302,
      "worst_month": 0.019847186692010466
    }
  },
  "probe_peak_rss_mib": 3541.1640625,
  "recommended_action": "advance to single-asset-zscore-reversion 15m next; the 30m mean-reversion rows piggybacked on this run and were already negative on validation and locked OOS",
  "schema_version": "1.0",
  "source_artifacts": {
    "anchor_bundle": "/home/hoky/Quants-agent/LuminaQuant/var/reports/exact_window_backtests/followup_status/autonomous_sector_dispersion_reversion_30m_anchor_latest.json",
    "anchor_portfolio": "/home/hoky/Quants-agent/LuminaQuant/var/reports/exact_window_backtests/followup_status/autonomous_sector_dispersion_reversion_30m_anchor_opt/portfolio_optimization_latest.json",
    "anchor_search_memory": "/home/hoky/Quants-agent/LuminaQuant/var/reports/exact_window_backtests/followup_status/autonomous_sector_dispersion_reversion_30m_anchor_search/_memory_guard/portfolio_four_sleeve_search_memory_latest.json",
    "comparison_json": "/home/hoky/Quants-agent/LuminaQuant/var/reports/exact_window_backtests/followup_status/autonomous_sector_dispersion_reversion_30m_comparison_latest.json",