{
  "artifact_kind": "autonomous_crashguard_topcap_decision",
  "balanced_topcap": {
    "name": "topcap_tsmom_1h_balanced_16_4_0.015",
    "oos": {
      "avg_trade": 0.00029297205011018403,
      "benchmark_corr": -0.2748554577647185,
      "cagr": 0.4014886898273573,
      "calmar": 6.079646832908805,
      "deflated_sharpe": 0.013583825836111507,
      "exposure": 0.26360338573155984,
      "max_drawdown": 0.06603815992306006,
      "mdd": 0.06603815992306006,
      "pbo": 0.375,
      "return": 0.032378603658792526,
      "rolling_sharpe_min": -22.391192673791142,
      "sharpe": 1.4641557597854604,
      "sortino": 1.817995956780257,
      "spa_pvalue": 0.34,
      "stability": -1.4934090530844335,
      "total_return": 0.032378603658792526,
      "trade_count": 119.0,
      "trades": 119.0,
      "turnover": 0.050302297460701334,
      "volatility": 0.25222287272248667,
      "win_rate": 0.3639661426844015,
      "worst_month": 0.013181893831133218
    },
    "train": {
      "avg_trade": -7.394209305103859e-05,
      "benchmark_corr": -0.1114080381396154,
      "cagr": -0.10779031376180193,
      "calmar": -0.485043936461569,
      "deflated_sharpe": 0.0010547785087058337,
      "exposure": 0.22356164383561644,
      "max_drawdown": 0.22222793784031225,
      "mdd": 0.22222793784031225,
      "pbo": 0.125,
      "return": -0.10779031376180193,
      "rolling_sharpe_min": -27.304165449775578,
      "sharpe": -0.4248593222793775,
      "sortino": -0.49840781523412786,
      "spa_pvalue": 1.0,
      "stability": -1.546675144221069,
      "total_return": -0.10779031376180193,
      "trade_count": 1232.0,
      "trades": 1232.0,
      "turnover": 0.04753424657534246,
      "volatility": 0.21441605223617172,
      "win_rate": 0.31312785388127856,
      "worst_month": -0.09335028844213811
    },
    "val": {
      "avg_trade": 0.00020421750203413757,
      "benchmark_corr": -0.26923518803243923,
      "cagr": 0.23906617230541083,
      "calmar": 5.417138588643548,
      "deflated_sharpe": 0.013584453519858597,
      "exposure": 0.17258064516129032,
      "max_drawdown": 0.04413144843785011,
      "mdd": 0.04413144843785011,
      "pbo": 0.625,
      "return": 0.018372483665204387,
      "rolling_sharpe_min": -19.972062697212387,
      "sharpe": 1.640883072742277,
      "sortino": 2.0956146778055356,
      "spa_pvalue": 0.325,
      "stability": -1.5030206487531936,
      "total_return": 0.018372483665204387,
      "trade_count": 93.0,
      "trades": 93.0,
      "turnover": 0.03870967741935485,
      "volatility": 0.13627915872985724,
      "win_rate": 0.24327956989247312,
      "worst_month": -0.0060412975063870444
    }
  },
  "candidate_key": "autonomous_crashguard_topcap_1h_20260315T0711Z",
  "crashguard_topcap": {
    "name": "topcap_tsmom_1h_crashguard_16_4_0.015",
    "oos": {
      "avg_trade": 0.00029297205011018403,
      "benchmark_corr": -0.2748554577647185,
      "cagr": 0.4014886898273573,
      "calmar": 6.079646832908805,
      "deflated_sharpe": 0.013583825836111507,
      "exposure": 0.26360338573155984,
      "max_drawdown": 0.06603815992306006,
      "mdd": 0.06603815992306006,
      "pbo": 0.375,
      "return": 0.032378603658792526,
      "rolling_sharpe_min": -22.391192673791142,
      "sharpe": 1.4641557597854604,
      "sortino": 1.817995956780257,
      "spa_pvalue": 0.34,
      "stability": -1.4934090530844335,
      "total_return": 0.032378603658792526,
      "trade_count": 119.0,
      "trades": 119.0,
      "turnover": 0.050302297460701334,
      "volatility": 0.25222287272248667,
      "win_rate": 0.3639661426844015,
      "worst_month": 0.013181893831133218
    },
    "tags": [
      "cross_sectional",
      "relative_momentum",
      "topcap",
      "crypto",
      "crash_aware",
      "article_pipeline",
      "article_family:topcap-rotation-relative-momentum"
    ],
    "train": {
      "avg_trade": -7.394209305103859e-05,
      "benchmark_corr": -0.1114080381396154,
      "cagr": -0.10779031376180193,
      "calmar": -0.485043936461569,
      "deflated_sharpe": 0.0010547785087058337,
      "exposure": 0.22356164383561644,
      "max_drawdown": 0.22222793784031225,
      "mdd": 0.22222793784031225,
      "pbo": 0.125,
      "return": -0.10779031376180193,
      "rolling_sharpe_min": -27.304165449775578,
      "sharpe": -0.4248593222793775,
      "sortino": -0.49840781523412786,
      "spa_pvalue": 1.0,
      "stability": -1.546675144221069,
      "total_return": -0.10779031376180193,
      "trade_count": 1232.0,
      "trades": 1232.0,
      "turnover": 0.04753424657534246,
      "volatility": 0.21441605223617172,
      "win_rate": 0.31312785388127856,
      "worst_month": -0.09335028844213811
    },
    "val": {
      "avg_trade": 0.00020421750203413757,
      "benchmark_corr": -0.26923518803243923,
      "cagr": 0.23906617230541083,
      "calmar": 5.417138588643548,
      "deflated_sharpe": 0.013584453519858597,
      "exposure": 0.17258064516129032,
      "max_drawdown": 0.04413144843785011,
      "mdd": 0.04413144843785011,
      "pbo": 0.625,
      "return": 0.018372483665204387,
      "rolling_sharpe_min": -19.972062697212387,
      "sharpe": 1.640883072742277,
      "sortino": 2.0956146778055356,
      "spa_pvalue": 0.325,
      "stability": -1.5030206487531936,
      "total_return": 0.018372483665204387,
      "trade_count": 93.0,
      "trades": 93.0,
      "turnover": 0.03870967741935485,
      "volatility": 0.13627915872985724,
      "win_rate": 0.24327956989247312,
      "worst_month": -0.0060412975063870444
    }
  },
  "decision_reason": "Crash-aware topcap drawdown gate produced no sleeve-level improvement versus the incumbent balanced topcap variant on this 1h exact-window rerun.",
  "deltas": {
    "oos_sharpe_delta_vs_balanced": 0.0,
    "oos_total_return_delta_vs_balanced": 0.0,
    "train_total_return_delta_vs_balanced": 0.0,
    "val_total_return_delta_vs_balanced": 0.0
  },
  "generated_at": "2026-03-15T08:00:03.754443+00:00",
  "label": "Autonomous crash-aware topcap exact-window challenger",
  "notes": [
    "The crash-aware variant kept the same signal threshold/lookback as the balanced anchor and added only the deterministic benchmark drawdown gate.",
    "Observed metrics matched the balanced incumbent topcap sleeve, so the gate did not add value on this sample."
  ],
  "recommended_action": "continue to the next crash-aware momentum lane (30m composite crashguard)",
  "schema_version": "1.0",
  "selection_basis": "autonomous_crashguard_topcap_1h",
  "source_artifacts": {
    "exact_window_details": "/home/hoky/Quants-agent/LuminaQuant/var/reports/exact_window_backtests/autonomous_crashguard_topcap_1h_20260315T0711Z/1h/exact_window_candidate_details_latest.json",
    "exact_window_summary": "/home/hoky/Quants-agent/LuminaQuant/var/reports/exact_window_backtests/autonomous_crashguard_topcap_1h_20260315T0711Z/1h/exact_window_suite_summary_latest.json",
    "memory_evidence": "/home/hoky/Quants-agent/LuminaQuant/var/reports/exact_window_backtests/autonomous_crashguard_topcap_1h_20260315T0711Z/1h/exact_window_memory_evidence_latest.json"
  },
  "status": "discard",
  "summary": {
    "evaluated_count": 34,
    "promoted_count": 0
  }
}