{
  "anchor_portfolio": {
    "oos": {
      "cagr": 0.5880374242065471,
      "calmar": 23.738516926896494,
      "max_drawdown": 0.024771447433612925,
      "sharpe": 2.691070344452474,
      "sortino": 9.806508896680109,
      "total_return": 0.045347339420796384,
      "volatility": 0.17754510863999792
    },
    "train": {
      "cagr": 0.008194558407396135,
      "calmar": 0.0902345072520852,
      "max_drawdown": 0.09081402067729216,
      "sharpe": 0.1305287455588169,
      "sortino": 0.25986501510342846,
      "total_return": 0.008194558407396135,
      "volatility": 0.10208055818422056
    },
    "val": {
      "cagr": 0.38926483974233705,
      "calmar": 33.906282399899105,
      "max_drawdown": 0.011480611031054688,
      "sharpe": 3.7297601330687606,
      "sortino": 7.1384641352936375,
      "total_return": 0.028316842357536842,
      "volatility": 0.08921760057741959
    }
  },
  "artifact_kind": "autonomous_topcap_exec_stopaware_decision",
  "balanced_topcap": {
    "name": "topcap_tsmom_1h_balanced_16_4_0.015",
    "oos": {
      "avg_trade": 0.00029297205011018403,
      "benchmark_corr": -0.2748554577647185,
      "cagr": 0.4014886898273573,
      "calmar": 6.079646832908805,
      "deflated_sharpe": 0.00589328176669085,
      "exposure": 0.26360338573155984,
      "max_drawdown": 0.06603815992306006,
      "mdd": 0.06603815992306006,
      "pbo": 0.375,
      "return": 0.032378603658792526,
      "rolling_sharpe_min": -22.391192673791142,
      "sharpe": 1.4641557597854604,
      "sortino": 1.817995956780257,
      "spa_pvalue": 0.34,
      "stability": -1.4934090530844335,
      "total_return": 0.032378603658792526,
      "trade_count": 119.0,
      "trades": 119.0,
      "turnover": 0.050302297460701334,
      "volatility": 0.25222287272248667,
      "win_rate": 0.3639661426844015,
      "worst_month": 0.013181893831133218
    },
    "train": {
      "avg_trade": -7.21587106735059e-05,
      "benchmark_corr": -0.11147521093676946,
      "cagr": -0.10588953255168898,
      "calmar": -0.4764906410092191,
      "deflated_sharpe": 0.000371839549300812,
      "exposure": 0.22353881278538812,
      "max_drawdown": 0.2222279378403158,
      "mdd": 0.2222279378403158,
      "pbo": 0.125,
      "return": -0.10588953255168898,
      "rolling_sharpe_min": -27.304165449775578,
      "sharpe": -0.41497751099847807,
      "sortino": -0.48677266140089753,
      "spa_pvalue": 1.0,
      "stability": -1.546675144221069,
      "total_return": -0.10588953255168898,
      "trade_count": 1233.0,
      "trades": 1233.0,
      "turnover": 0.04753424657534246,
      "volatility": 0.2144012335665079,
      "win_rate": 0.31312785388127856,
      "worst_month": -0.09335028844213811
    },
    "val": {
      "avg_trade": 0.00020421750203413757,
      "benchmark_corr": -0.26923518803243923,
      "cagr": 0.23906617230541083,
      "calmar": 5.417138588643548,
      "deflated_sharpe": 0.005826603026826305,
      "exposure": 0.17258064516129032,
      "max_drawdown": 0.04413144843785011,
      "mdd": 0.04413144843785011,
      "pbo": 0.625,
      "return": 0.018372483665204387,
      "rolling_sharpe_min": -19.972062697212387,
      "sharpe": 1.640883072742277,
      "sortino": 2.0956146778055356,
      "spa_pvalue": 0.325,
      "stability": -1.5030206487531936,
      "total_return": 0.018372483665204387,
      "trade_count": 93.0,
      "trades": 93.0,
      "turnover": 0.03870967741935485,
      "volatility": 0.13627915872985724,
      "win_rate": 0.24327956989247312,
      "worst_month": -0.0060412975063870444
    }
  },
  "candidate_key": "autonomous_topcap_exec_stopaware_1h_20260315T1113Z",
  "decision_reason": "Stop-aware topcap execution slightly improved sleeve-level OOS, but the anchored portfolio replacement still lost materially to the incumbent on locked-OOS return, Sharpe, and drawdown.",
  "deltas": {
    "anchor_oos_max_drawdown_delta_vs_incumbent": 0.010494036618951874,
    "anchor_oos_sharpe_delta_vs_incumbent": -0.7560505560010276,
    "anchor_oos_total_return_delta_vs_incumbent": -0.010612637012958004,
    "sleeve_oos_sharpe_delta": 0.01558518822341548,
    "sleeve_oos_total_return_delta": 0.0003804496840666971,
    "sleeve_train_total_return_delta": -0.0044502019056630315,
    "sleeve_val_total_return_delta": 0.0
  },
  "generated_at": "2026-03-15T12:04:57.490272+00:00",
  "label": "Autonomous stop-aware topcap execution challenger",
  "recommended_action": "treat volatility-managed benchmark as the current serious candidate and continue bounded risk-management search",
  "schema_version": "1.0",
  "source_artifacts": {
    "anchor_portfolio": "/home/hoky/Quants-agent/LuminaQuant/var/reports/exact_window_backtests/followup_status/autonomous_topcap_exec_tightstop_anchor_opt/portfolio_optimization_latest.json",
    "exact_window_details": "/home/hoky/Quants-agent/LuminaQuant/var/reports/exact_window_backtests/autonomous_topcap_exec_stopaware_1h_20260315T1113Z/1h/exact_window_candidate_details_latest.json",
    "exact_window_summary": "/home/hoky/Quants-agent/LuminaQuant/var/reports/exact_window_backtests/autonomous_topcap_exec_stopaware_1h_20260315T1113Z/1h/exact_window_suite_summary_latest.json",
    "memory_evidence": "/home/hoky/Quants-agent/LuminaQuant/var/reports/exact_window_backtests/autonomous_topcap_exec_stopaware_1h_20260315T1113Z/1h/exact_window_memory_evidence_latest.json"
  },
  "status": "discard",
  "stopaware_topcap": {
    "name": "topcap_tsmom_1h_exec_tightstop_16_4_0.015",
    "oos": {
      "avg_trade": 0.00029359665700875163,
      "benchmark_corr": -0.2742665004635381,
      "cagr": 0.40696911402544633,
      "calmar": 6.194922624844166,
      "deflated_sharpe": 0.0059734375610391854,
      "exposure": 0.2631197097944377,
      "max_drawdown": 0.06569397854838965,
      "mdd": 0.06569397854838965,
      "pbo": 0.375,
      "return": 0.03275905334285922,
      "rolling_sharpe_min": -22.239342440149926,
      "sharpe": 1.479740948008876,
      "sortino": 1.8353646861622703,
      "spa_pvalue": 0.335,
      "stability": -1.4934090530844335,
      "total_return": 0.03275905334285922,
      "trade_count": 120.0,
      "trades": 120.0,
      "turnover": 0.050302297460701334,
      "volatility": 0.2522001014638505,
      "win_rate": 0.36275695284159615,
      "worst_month": 0.013181893831133218
    },
    "train": {
      "avg_trade": -7.58514794159303e-05,
      "benchmark_corr": -0.11183283158873368,
      "cagr": -0.11033973445735201,
      "calmar": -0.4949585408828839,
      "deflated_sharpe": 0.0003417943182350558,
      "exposure": 0.22335616438356162,
      "max_drawdown": 0.22292722590569536,
      "mdd": 0.22292722590569536,
      "pbo": 0.125,
      "return": -0.11033973445735201,
      "rolling_sharpe_min": -27.304165449775578,
      "sharpe": -0.438516455925835,
      "sortino": -0.5141176133242477,
      "spa_pvalue": 1.0,
      "stability": -1.546675144221069,
      "total_return": -0.11033973445735201,
      "trade_count": 1239.0,
      "trades": 1239.0,
      "turnover": 0.04757990867579908,
      "volatility": 0.21431346925834,
      "win_rate": 0.313013698630137,
      "worst_month": -0.09335028844213811
    },
    "val": {
      "avg_trade": 0.00020421750203413757,
      "benchmark_corr": -0.26923518803243923,
      "cagr": 0.23906617230541083,
      "calmar": 5.417138588643548,
      "deflated_sharpe": 0.005826603026826305,
      "exposure": 0.17258064516129032,
      "max_drawdown": 0.04413144843785011,
      "mdd": 0.04413144843785011,
      "pbo": 0.625,
      "return": 0.018372483665204387,
      "rolling_sharpe_min": -19.972062697212387,
      "sharpe": 1.640883072742277,
      "sortino": 2.0956146778055356,
      "spa_pvalue": 0.325,
      "stability": -1.5030206487531936,
      "total_return": 0.018372483665204387,
      "trade_count": 93.0,
      "trades": 93.0,
      "turnover": 0.03870967741935485,
      "volatility": 0.13627915872985724,
      "win_rate": 0.24327956989247312,