{
  "artifact_kind": "autonomous_topcap_exec_combo_decision",
  "balanced_topcap": {
    "name": "topcap_tsmom_1h_balanced_16_4_0.015",
    "oos": {
      "avg_trade": 0.00029297205011018403,
      "benchmark_corr": -0.2748554577647185,
      "cagr": 0.4014886898273573,
      "calmar": 6.079646832908805,
      "deflated_sharpe": 0.005691254736983509,
      "exposure": 0.26360338573155984,
      "max_drawdown": 0.06603815992306006,
      "mdd": 0.06603815992306006,
      "pbo": 0.375,
      "return": 0.032378603658792526,
      "rolling_sharpe_min": -22.391192673791142,
      "sharpe": 1.4641557597854604,
      "sortino": 1.817995956780257,
      "spa_pvalue": 0.34,
      "stability": -1.4934090530844335,
      "total_return": 0.032378603658792526,
      "trade_count": 119.0,
      "trades": 119.0,
      "turnover": 0.050302297460701334,
      "volatility": 0.25222287272248667,
      "win_rate": 0.3639661426844015,
      "worst_month": 0.013181893831133218
    }
  },
  "best_combo_variant": {
    "name": "topcap_tsmom_1h_exec_fastrebalance_tp_16_2_0.012",
    "oos": {
      "avg_trade": 0.00017266615813982936,
      "benchmark_corr": -0.289656438778504,
      "cagr": 0.3628042202515984,
      "calmar": 5.408252982851421,
      "deflated_sharpe": 0.004906584730947738,
      "exposure": 0.2827085852478839,
      "max_drawdown": 0.06708344106719566,
      "mdd": 0.06708344106719566,
      "pbo": 0.375,
      "return": 0.029654161121881684,
      "rolling_sharpe_min": -22.69659086198101,
      "sharpe": 1.3113802008946087,
      "sortino": 1.7369156559052912,
      "spa_pvalue": 0.36,
      "stability": -1.4929639284288885,
      "total_return": 0.029654161121881684,
      "trade_count": 188.0,
      "trades": 188.0,
      "turnover": 0.08029020556227329,
      "volatility": 0.26220142606469465,
      "win_rate": 0.37605804111245467,
      "worst_month": 0.014072143142222826
    },
    "tags": [
      "cross_sectional",
      "relative_momentum",
      "topcap",
      "crypto",
      "execution_risk",
      "take_profit",
      "article_pipeline",
      "article_family:topcap-rotation-relative-momentum"
    ],
    "train": {
      "avg_trade": -5.8384878934348977e-05,
      "benchmark_corr": -0.13357895814719317,
      "cagr": -0.13392889759333537,
      "calmar": -0.5629480384297203,
      "deflated_sharpe": 0.00022253314745829256,
      "exposure": 0.25180365296803653,
      "max_drawdown": 0.23790632252119548,
      "mdd": 0.23790632252119548,
      "pbo": 0.125,
      "return": -0.13392889759333537,
      "rolling_sharpe_min": -32.49978950636054,
      "sharpe": -0.5430140091961814,
      "sortino": -0.6744776321044197,
      "spa_pvalue": 1.0,
      "stability": -1.5464671909277343,
      "total_return": -0.13392889759333537,
      "trade_count": 2048.0,
      "trades": 2048.0,
      "turnover": 0.0773972602739726,
      "volatility": 0.22020100776874685,
      "win_rate": 0.34554794520547943,
      "worst_month": -0.09293438185546876
    },
    "val": {
      "avg_trade": 0.00013254340620944764,
      "benchmark_corr": -0.2950638070198942,
      "cagr": 0.2740188760991882,
      "calmar": 5.692398743506147,
      "deflated_sharpe": 0.00593463921327253,
      "exposure": 0.2024193548387097,
      "max_drawdown": 0.048137681221257944,
      "mdd": 0.048137681221257944,
      "pbo": 0.375,
      "return": 0.020781391711972574,
      "rolling_sharpe_min": -23.856746000830178,
      "sharpe": 1.626910041046798,
      "sortino": 1.9639231573136784,
      "spa_pvalue": 0.355,
      "stability": -1.5013402874782191,
      "total_return": 0.020781391711972574,
      "trade_count": 163.0,
      "trades": 163.0,
      "turnover": 0.06612903225806452,
      "volatility": 0.156355572011068,
      "win_rate": 0.2916666666666667,
      "worst_month": -0.002680574956438142
    }
  },
  "candidate_key": "autonomous_topcap_exec_combo_1h_20260315T1335Z",
  "decision_reason": "Combined stop-loss + take-profit topcap execution variants failed to beat either the balanced incumbent sleeve or the simpler take-profit-only execution variant.",
  "deltas": {
    "combo_vs_balanced_oos_sharpe_delta": -0.1527755588908517,
    "combo_vs_balanced_oos_total_return_delta": -0.0027244425369108427,
    "combo_vs_takeprofit_oos_sharpe_delta": -0.35553178155322596,
    "combo_vs_takeprofit_oos_total_return_delta": -0.00640943441001518
  },
  "generated_at": "2026-03-15T14:27:30.218135+00:00",
  "label": "Autonomous combo topcap execution challenger",
  "recommended_action": "pivot away from topcap-only execution tweaks toward pair/composite execution-risk variants next",
  "schema_version": "1.0",
  "source_artifacts": {
    "exact_window_details": "/home/hoky/Quants-agent/LuminaQuant/var/reports/exact_window_backtests/autonomous_topcap_exec_combo_1h_20260315T1335Z/1h/exact_window_candidate_details_latest.json",
    "exact_window_summary": "/home/hoky/Quants-agent/LuminaQuant/var/reports/exact_window_backtests/autonomous_topcap_exec_combo_1h_20260315T1335Z/1h/exact_window_suite_summary_latest.json",
    "memory_evidence": "/home/hoky/Quants-agent/LuminaQuant/var/reports/exact_window_backtests/autonomous_topcap_exec_combo_1h_20260315T1335Z/1h/exact_window_memory_evidence_latest.json"
  },
  "status": "discard",
  "summary": {
    "evaluated_count": 84,
    "promoted_count": 0
  },
  "takeprofit_topcap": {
    "name": "topcap_tsmom_1h_exec_takeprofit_16_4_0.015",
    "oos": {
      "avg_trade": 0.00030321552090954517,
      "benchmark_corr": -0.2485237310059368,
      "cagr": 0.45539419120594604,
      "calmar": 7.279590941346064,
      "deflated_sharpe": 0.0066495118527968855,
      "exposure": 0.2614268440145103,
      "max_drawdown": 0.06255766221964931,
      "mdd": 0.06255766221964931,
      "pbo": 0.375,
      "return": 0.036063595531896864,
      "rolling_sharpe_min": -22.391192673791142,
      "sharpe": 1.6669119824478347,
      "sortino": 2.159813752515008,
      "spa_pvalue": 0.315,
      "stability": -1.4934090530844335,
      "total_return": 0.036063595531896864,
      "trade_count": 126.0,
      "trades": 126.0,
      "turnover": 0.052237001209189844,
      "volatility": 0.24277720168431807,
      "win_rate": 0.3639661426844015,
      "worst_month": 0.013181893831133218
    }
  }
}