{
  "anchor_portfolio": {
    "oos": {
      "cagr": 0.6059790574368882,
      "calmar": 25.556863041205037,
      "max_drawdown": 0.023711010872495386,
      "sharpe": 2.816218162656632,
      "sortino": 10.43520147979752,
      "total_return": 0.046474093491835955,
      "volatility": 0.1734102981280905
    },
    "train": {
      "cagr": 0.009734620016889961,
      "calmar": 0.10592565260771411,
      "max_drawdown": 0.09190049602942951,
      "sharpe": 0.14528972149222494,
      "sortino": 0.29130824105694963,
      "total_return": 0.009734620016889961,
      "volatility": 0.10251240032377607
    },
    "val": {
      "cagr": 0.38926483974233705,
      "calmar": 33.906282399899105,
      "max_drawdown": 0.011480611031054688,
      "sharpe": 3.7297601330687606,
      "sortino": 7.1384641352936375,
      "total_return": 0.028316842357536842,
      "volatility": 0.08921760057741959
    }
  },
  "artifact_kind": "autonomous_topcap_exec_takeprofit_decision",
  "balanced_topcap": {
    "name": "topcap_tsmom_1h_balanced_16_4_0.015",
    "oos": {
      "avg_trade": 0.00029297205011018403,
      "benchmark_corr": -0.2748554577647185,
      "cagr": 0.4014886898273573,
      "calmar": 6.079646832908805,
      "deflated_sharpe": 0.005824326262442281,
      "exposure": 0.26360338573155984,
      "max_drawdown": 0.06603815992306006,
      "mdd": 0.06603815992306006,
      "pbo": 0.375,
      "return": 0.032378603658792526,
      "rolling_sharpe_min": -22.391192673791142,
      "sharpe": 1.4641557597854604,
      "sortino": 1.817995956780257,
      "spa_pvalue": 0.34,
      "stability": -1.4934090530844335,
      "total_return": 0.032378603658792526,
      "trade_count": 119.0,
      "trades": 119.0,
      "turnover": 0.050302297460701334,
      "volatility": 0.25222287272248667,
      "win_rate": 0.3639661426844015,
      "worst_month": 0.013181893831133218
    },
    "train": {
      "avg_trade": -7.21587106735059e-05,
      "benchmark_corr": -0.11147521093676946,
      "cagr": -0.10588953255168898,
      "calmar": -0.4764906410092191,
      "deflated_sharpe": 0.00036630379752949915,
      "exposure": 0.22353881278538812,
      "max_drawdown": 0.2222279378403158,
      "mdd": 0.2222279378403158,
      "pbo": 0.125,
      "return": -0.10588953255168898,
      "rolling_sharpe_min": -27.304165449775578,
      "sharpe": -0.41497751099847807,
      "sortino": -0.48677266140089753,
      "spa_pvalue": 1.0,
      "stability": -1.546675144221069,
      "total_return": -0.10588953255168898,
      "trade_count": 1233.0,
      "trades": 1233.0,
      "turnover": 0.04753424657534246,
      "volatility": 0.2144012335665079,
      "win_rate": 0.31312785388127856,
      "worst_month": -0.09335028844213811
    },
    "val": {
      "avg_trade": 0.00020421750203413757,
      "benchmark_corr": -0.26923518803243923,
      "cagr": 0.23906617230541083,
      "calmar": 5.417138588643548,
      "deflated_sharpe": 0.005757457683398581,
      "exposure": 0.17258064516129032,
      "max_drawdown": 0.04413144843785011,
      "mdd": 0.04413144843785011,
      "pbo": 0.625,
      "return": 0.018372483665204387,
      "rolling_sharpe_min": -19.972062697212387,
      "sharpe": 1.640883072742277,
      "sortino": 2.0956146778055356,
      "spa_pvalue": 0.325,
      "stability": -1.5030206487531936,
      "total_return": 0.018372483665204387,
      "trade_count": 93.0,
      "trades": 93.0,
      "turnover": 0.03870967741935485,
      "volatility": 0.13627915872985724,
      "win_rate": 0.24327956989247312,
      "worst_month": -0.0060412975063870444
    }
  },
  "candidate_key": "autonomous_topcap_exec_takeprofit_1h_20260315T1220Z",
  "decision_reason": "Take-profit topcap execution improved sleeve-level OOS modestly, but the anchored portfolio replacement still failed badly against the upgraded vol-managed incumbent on locked-OOS return, Sharpe, and drawdown.",
  "deltas": {
    "anchor_oos_max_drawdown_delta_vs_incumbent": 0.009433600057834335,
    "anchor_oos_sharpe_delta_vs_incumbent": -0.6898934136055255,
    "anchor_oos_total_return_delta_vs_incumbent": -0.011153909257303862,
    "sleeve_oos_sharpe_delta": 0.20275622266237425,
    "sleeve_oos_total_return_delta": 0.0036849918731043374,
    "sleeve_train_total_return_delta": -0.0001330662445535591,
    "sleeve_val_total_return_delta": 0.0
  },
  "generated_at": "2026-03-15T13:36:20.631389+00:00",
  "label": "Autonomous take-profit topcap execution challenger",
  "recommended_action": "continue to combined stop-loss + take-profit topcap execution variants next",
  "schema_version": "1.0",
  "source_artifacts": {
    "anchor_portfolio": "/home/hoky/Quants-agent/LuminaQuant/var/reports/exact_window_backtests/followup_status/autonomous_topcap_exec_takeprofit_anchor_opt/portfolio_optimization_latest.json",
    "exact_window_details": "/home/hoky/Quants-agent/LuminaQuant/var/reports/exact_window_backtests/autonomous_topcap_exec_takeprofit_1h_20260315T1220Z/1h/exact_window_candidate_details_latest.json",
    "exact_window_summary": "/home/hoky/Quants-agent/LuminaQuant/var/reports/exact_window_backtests/autonomous_topcap_exec_takeprofit_1h_20260315T1220Z/1h/exact_window_suite_summary_latest.json",
    "memory_evidence": "/home/hoky/Quants-agent/LuminaQuant/var/reports/exact_window_backtests/autonomous_topcap_exec_takeprofit_1h_20260315T1220Z/1h/exact_window_memory_evidence_latest.json"
  },
  "status": "discard",
  "summary": {
    "evaluated_count": 82,
    "promoted_count": 0
  },
  "takeprofit_topcap": {
    "name": "topcap_tsmom_1h_exec_takeprofit_16_4_0.015",
    "oos": {
      "avg_trade": 0.00030321552090954517,
      "benchmark_corr": -0.2485237310059368,
      "cagr": 0.45539419120594604,
      "calmar": 7.279590941346064,
      "deflated_sharpe": 0.006802675558029769,
      "exposure": 0.2614268440145103,
      "max_drawdown": 0.06255766221964931,
      "mdd": 0.06255766221964931,
      "pbo": 0.375,
      "return": 0.036063595531896864,
      "rolling_sharpe_min": -22.391192673791142,
      "sharpe": 1.6669119824478347,
      "sortino": 2.159813752515008,
      "spa_pvalue": 0.315,
      "stability": -1.4934090530844335,
      "total_return": 0.036063595531896864,
      "trade_count": 126.0,
      "trades": 126.0,
      "turnover": 0.052237001209189844,
      "volatility": 0.24277720168431807,
      "win_rate": 0.3639661426844015,
      "worst_month": 0.013181893831133218
    },
    "train": {
      "avg_trade": -7.123537841265958e-05,
      "benchmark_corr": -0.11183409939825821,
      "cagr": -0.10602259879624254,
      "calmar": -0.4755450603380845,
      "deflated_sharpe": 0.0003605892624956031,
      "exposure": 0.2228310502283105,
      "max_drawdown": 0.22294963745573704,
      "mdd": 0.22294963745573704,
      "pbo": 0.125,
      "return": -0.10602259879624254,
      "rolling_sharpe_min": -27.304165449775578,
      "sharpe": -0.41953781342494956,
      "sortino": -0.4930736219987307,
      "spa_pvalue": 1.0,
      "stability": -1.546675144221069,
      "total_return": -0.10602259879624254,
      "trade_count": 1255.0,
      "trades": 1255.0,
      "turnover": 0.04812785388127854,
      "volatility": 0.21309259153080004,
      "win_rate": 0.31289954337899545,
      "worst_month": -0.09335028844213811
    },
    "val": {
      "avg_trade": 0.00020421750203413757,
      "benchmark_corr": -0.26923518803243923,
      "cagr": 0.23906617230541083,
      "calmar": 5.417138588643548,
      "deflated_sharpe": 0.005757457683398581,
      "exposure": 0.17258064516129032,
      "max_drawdown": 0.04413144843785011,
      "mdd": 0.04413144843785011,
      "pbo": 0.625,
      "return": 0.018372483665204387,
      "rolling_sharpe_min": -19.972062697212387,
      "sharpe": 1.640883072742277,
      "sortino": 2.0956146778055356,
      "spa_pvalue": 0.325,
      "stability": -1.5030206487531936,
      "total_return": 0.018372483665204387,
      "trade_count": 93.0,
      "trades": 93.0,
      "turnover": 0.03870967741935485,