{
  "artifact_kind": "autonomous_crashguard_composite_decision",
  "candidate_key": "autonomous_crashguard_composite_30m_20260315T0759Z",
  "crashguard_composite": {
    "name": "composite_trend_stable_30m_stable_ls_crashguard_ls_0.75_0.45_0.20_0.82",
    "oos": {
      "avg_trade": 0.00011661902618123935,
      "benchmark_corr": -0.4565177357532593,
      "cagr": 0.33243943894144623,
      "calmar": 13.092147181965474,
      "deflated_sharpe": 0.054184951201647846,
      "exposure": 0.04586406710761228,
      "max_drawdown": 0.025392277853351963,
      "mdd": 0.025392277853351963,
      "pbo": 0.25,
      "return": 0.027449308664123206,
      "rolling_sharpe_min": -19.886110311482824,
      "sharpe": 2.2761666019335367,
      "sortino": 1.3100756561040319,
      "spa_pvalue": 0.26,
      "stability": -1.4969981176070455,
      "total_return": 0.027449308664123206,
      "trade_count": 239.0,
      "trades": 239.0,
      "turnover": 0.01323362872548729,
      "volatility": 0.12978500347858193,
      "win_rate": 0.07259528130671507,
      "worst_month": 0.006003764785909027
    },
    "tags": [
      "trend",
      "trend-following",
      "momentum",
      "oos-stability",
      "crash_aware",
      "article_pipeline",
      "article_family:regime-conditioned-composite-trend"
    ],
    "train": {
      "avg_trade": 2.7181581890595627e-05,
      "benchmark_corr": -0.2462852069620843,
      "cagr": 0.06625744785409848,
      "calmar": 0.7562180534609129,
      "deflated_sharpe": 0.044661719308658976,
      "exposure": 0.05263446282068788,
      "max_drawdown": 0.08761685541738151,
      "mdd": 0.08761685541738151,
      "pbo": 0.5,
      "return": 0.06625744785409848,
      "rolling_sharpe_min": -32.669902541176526,
      "sharpe": 0.5883364499271265,
      "sortino": 0.3508666086396656,
      "spa_pvalue": 0.205,
      "stability": -1.5152851849164977,
      "total_return": 0.06625744785409848,
      "trade_count": 2631.0,
      "trades": 2631.0,
      "turnover": 0.014770307446028313,
      "volatility": 0.1215541582762978,
      "win_rate": 0.08202054794520548,
      "worst_month": -0.030570369832995437
    },
    "val": {
      "avg_trade": 0.00020375853048218835,
      "benchmark_corr": -0.2931967121192803,
      "cagr": 0.7195017485907633,
      "calmar": 46.42838618184908,
      "deflated_sharpe": 0.15417348543140252,
      "exposure": 0.08057728487786049,
      "max_drawdown": 0.015497022570904018,
      "mdd": 0.015497022570904018,
      "pbo": 0.25,
      "return": 0.0471119100941817,
      "rolling_sharpe_min": -24.400658961426533,
      "sharpe": 4.523654511662547,
      "sortino": 3.566805955306796,
      "spa_pvalue": 0.105,
      "stability": -1.4950507127634676,
      "total_return": 0.0471119100941817,
      "trade_count": 229.0,
      "trades": 229.0,
      "turnover": 0.01728844850493432,
      "volatility": 0.12144874292808532,
      "win_rate": 0.09475806451612903,
      "worst_month": 0.009898574473064858
    }
  },
  "decision_reason": "Crash-aware composite drawdown gate reduced both sleeve-level OOS return and OOS Sharpe versus the incumbent 30m high-conv composite sleeve.",
  "deltas": {
    "oos_sharpe_delta_vs_highconv": -0.019195838970345047,
    "oos_total_return_delta_vs_highconv": -0.0020977966307162976,
    "train_total_return_delta_vs_highconv": -0.026896304345889854,
    "val_total_return_delta_vs_highconv": -0.0027668545032550895
  },
  "generated_at": "2026-03-15T08:15:50.328975+00:00",
  "incumbent_composite": {
    "name": "composite_trend_stable_30m_stable_ls_highconv_ls_0.75_0.45_0.20_0.80",
    "oos": {
      "avg_trade": 0.00012254361368705673,
      "benchmark_corr": -0.45438935364131766,
      "cagr": 0.3615581086540234,
      "calmar": 12.671310280098718,
      "deflated_sharpe": 0.054671220268943055,
      "exposure": 0.053380397697225565,
      "max_drawdown": 0.028533600761231348,
      "mdd": 0.028533600761231348,
      "pbo": 0.375,
      "return": 0.029547105294839504,
      "rolling_sharpe_min": -19.886110311482824,
      "sharpe": 2.2953624409038818,
      "sortino": 1.3718506112467277,
      "spa_pvalue": 0.27,
      "stability": -1.496559272707271,
      "total_return": 0.029547105294839504,
      "trade_count": 245.0,
      "trades": 245.0,
      "turnover": 0.015322843564490627,
      "volatility": 0.1386330393626994,
      "win_rate": 0.08045977011494253,
      "worst_month": 0.006881454585458302
    },
    "train": {
      "avg_trade": 3.4494198246313556e-05,
      "benchmark_corr": -0.24160587334455264,
      "cagr": 0.09315375219998834,
      "calmar": 1.144884778363242,
      "deflated_sharpe": 0.06098640664031213,
      "exposure": 0.05971429925438872,
      "max_drawdown": 0.08136517661905107,
      "mdd": 0.08136517661905107,
      "pbo": 0.5,
      "return": 0.09315375219998834,
      "rolling_sharpe_min": -32.87892228999908,
      "sharpe": 0.7425286980505382,
      "sortino": 0.4579246323251092,
      "spa_pvalue": 0.165,
      "stability": -1.5154291412798697,
      "total_return": 0.09315375219998834,
      "trade_count": 2832.0,
      "trades": 2832.0,
      "turnover": 0.016009535660001635,
      "volatility": 0.13156066518375986,
      "win_rate": 0.08949771689497717,
      "worst_month": -0.030858282559739436
    },
    "val": {
      "avg_trade": 0.00020585774715592536,
      "benchmark_corr": -0.2915770125625625,
      "cagr": 0.7737665542695462,
      "calmar": 43.46604959330914,
      "deflated_sharpe": 0.1484962706202672,
      "exposure": 0.09123154024222886,
      "max_drawdown": 0.01780163050264072,
      "mdd": 0.01780163050264072,
      "pbo": 0.25,
      "return": 0.04987876459743679,
      "rolling_sharpe_min": -24.379315810668565,
      "sharpe": 4.427750205476359,
      "sortino": 3.5072424752617737,
      "spa_pvalue": 0.12,
      "stability": -1.4954740852068564,
      "total_return": 0.04987876459743679,
      "trade_count": 240.0,
      "trades": 240.0,
      "turnover": 0.01867686563946222,
      "volatility": 0.13137917069220215,
      "win_rate": 0.10416666666666667,
      "worst_month": 0.009051829586287141
    }
  },
  "label": "Autonomous crash-aware composite exact-window challenger",
  "notes": [
    "The crash-aware composite variant added only the deterministic benchmark regime gate while preserving the incumbent family structure.",
    "It failed to beat the incumbent high-conv composite sleeve on train, validation, and locked-OOS return/Sharpe."
  ],
  "recommended_action": "continue to deterministic pair-state improvements lane",
  "schema_version": "1.0",
  "selection_basis": "autonomous_crashguard_composite_30m",
  "source_artifacts": {
    "exact_window_details": "/home/hoky/Quants-agent/LuminaQuant/var/reports/exact_window_backtests/autonomous_crashguard_composite_30m_20260315T0759Z/30m/exact_window_candidate_details_latest.json",
    "exact_window_summary": "/home/hoky/Quants-agent/LuminaQuant/var/reports/exact_window_backtests/autonomous_crashguard_composite_30m_20260315T0759Z/30m/exact_window_suite_summary_latest.json",
    "memory_evidence": "/home/hoky/Quants-agent/LuminaQuant/var/reports/exact_window_backtests/autonomous_crashguard_composite_30m_20260315T0759Z/30m/exact_window_memory_evidence_latest.json"
  },
  "status": "discard",
  "summary": {
    "evaluated_count": 13,
    "promoted_count": 0
  }
}