{
  "anchor_portfolio": {
    "oos": {
      "cagr": 0.3852753746601567,
      "calmar": 23.760335216090446,
      "max_drawdown": 0.016215064777337362,
      "sharpe": 2.4143810800118937,
      "sortino": 8.896165273125622,
      "total_return": 0.031744009930262385,
      "volatility": 0.1388568386801017
    },
    "path": "/home/hoky/Quants-agent/LuminaQuant/var/reports/exact_window_backtests/followup_status/autonomous_btc_beta_neutral_single_asset_zscore_15m_anchor_opt/portfolio_optimization_latest.json",
    "train": {
      "cagr": 0.005934017241542522,
      "calmar": 0.09999942482074833,
      "max_drawdown": 0.05934051372974802,
      "sharpe": 0.11438559035644276,
      "sortino": 0.20624412428358416,
      "total_return": 0.005934017241542522,
      "volatility": 0.07842235374149895
    },
    "val": {
      "cagr": 0.1594048529140022,
      "calmar": 23.289859227264156,
      "max_drawdown": 0.00684438885433003,
      "sharpe": 2.997746810109242,
      "sortino": 5.5328188012929695,
      "total_return": 0.012641181427087256,
      "volatility": 0.04974825530599338
    },
    "weights": [
      {
        "candidate_id": "feecc2c87fbb8475",
        "family": "trend",
        "fit_return": 0.04987876459743679,
        "fit_sharpe": 4.427750205476359,
        "fit_split": "val",
        "name": "composite_trend_stable_30m_stable_ls_highconv_ls_0.75_0.45_0.20_0.80",
        "oos_return": 0.029547105294839504,
        "oos_sharpe": 2.2953624409038818,
        "report_return": 0.029547105294839504,
        "report_sharpe": 2.2953624409038818,
        "report_split": "oos",
        "strategy_class": "CompositeTrendStrategy",
        "symbols": [
          "BTC/USDT",
          "ETH/USDT",
          "BNB/USDT",
          "SOL/USDT",
          "TRX/USDT"
        ],
        "timeframe": "30m",
        "weight": 0.3
      },
      {
        "candidate_id": "4b050c2ad437c77f",
        "family": "market_neutral",
        "fit_return": 0.01606720015631824,
        "fit_sharpe": 3.8797484359521275,
        "fit_split": "val",
        "name": "pair_spread_1h_core_bnbusdt_trxusdt_2.2_0.55",
        "oos_return": 0.0723750581955176,
        "oos_sharpe": 4.556884188045461,
        "report_return": 0.0723750581955176,
        "report_sharpe": 4.556884188045461,
        "report_split": "oos",
        "strategy_class": "PairSpreadZScoreStrategy",
        "symbols": [
          "BNB/USDT",
          "TRX/USDT"
        ],
        "timeframe": "1h",
        "weight": 0.3
      },
      {
        "candidate_id": "4c8fdaeabe315563",
        "family": "cross_sectional",
        "fit_return": 0.018372483665204387,
        "fit_sharpe": 1.640883072742277,
        "fit_split": "val",
        "name": "topcap_tsmom_1h_balanced_16_4_0.015",
        "oos_return": 0.032378603658792526,
        "oos_sharpe": 1.4641557597854604,
        "report_return": 0.032378603658792526,
        "report_sharpe": 1.4641557597854604,
        "report_split": "oos",
        "strategy_class": "TopCapTimeSeriesMomentumStrategy",
        "symbols": [
          "BTC/USDT",
          "ETH/USDT",
          "BNB/USDT",
          "SOL/USDT",
          "TRX/USDT"
        ],
        "timeframe": "1h",
        "weight": 0.23354437584707127
      },
      {
        "candidate_id": "c3ccae8162612851",
        "family": "mean_reversion",
        "fit_return": -0.0689394388162321,
        "fit_sharpe": -6.2019075253492675,
        "fit_split": "val",
        "name": "mean_reversion_std_15m_resid_btc_guarded_lo_96_2.40",
        "oos_return": -0.03998249502074147,
        "oos_sharpe": -2.604169874746654,
        "report_return": -0.03998249502074147,
        "report_sharpe": -2.604169874746654,
        "report_split": "oos",
        "strategy_class": "MeanReversionStdStrategy",
        "symbols": [
          "BTC/USDT",
          "ETH/USDT",
          "BNB/USDT",
          "SOL/USDT",
          "TRX/USDT"
        ],
        "timeframe": "15m",
        "weight": 0.1664556241529287
      }
    ]
  },
  "anchor_search_peak_rss_mib": 42.6015625,
  "artifact_kind": "autonomous_btc_beta_neutral_single_asset_zscore_15m_decision",
  "candidate_key": "autonomous_btc_beta_neutral_single_asset_zscore_15m_anchor_opt",
  "decision_reason": "Fresh 15m exact-window evidence for BTC-beta-neutral single-asset zscore reversion still failed quickly: the best residualized probe (mean_reversion_std_15m_resid_btc_guarded_lo_96_2.40) was negative on validation (-6.8939%, Sharpe -6.202) and locked OOS (-3.9982%, Sharpe -2.604). The anchored challenger also trailed the incumbent on locked-OOS return, Sharpe, and max drawdown.",
  "deltas": {
    "anchor_oos_max_drawdown_delta_vs_incumbent": 0.0019376539626763112,
    "anchor_oos_sharpe_delta_vs_incumbent": -1.0917304962502636,
    "anchor_oos_total_return_delta_vs_incumbent": -0.025883992818877433,
    "probe_oos_sharpe_delta_vs_incumbent": -6.110281451008811,
    "probe_oos_total_return_delta_vs_incumbent": -0.09761049776988129,
    "promotion_score_delta_vs_incumbent": -5.674069256874711
  },
  "generated_at": "2026-03-17T11:46:38.054215+00:00",
  "label": "Autonomous BTC-beta-neutral single-asset zscore 15m challenger",
  "peak_rss_mib": 3136.55078125,
  "probe_candidate": {
    "name": "mean_reversion_std_15m_resid_btc_guarded_lo_96_2.40",
    "oos": {
      "avg_trade": -0.00030681693745538877,
      "benchmark_corr": 0.6212656154250918,
      "cagr": -0.35118410799294864,
      "calmar": -6.2696505174121615,
      "deflated_sharpe": 0.00048533871588496424,
      "exposure": 0.15007564296520423,
      "max_drawdown": 0.05601334667979263,
      "mdd": 0.05601334667979263,
      "pbo": 0.0,
      "return": -0.03998249502074147,
      "rolling_sharpe_min": -41.2079058288482,
      "sharpe": -2.604169874746654,
      "sortino": -2.3720828108625147,
      "spa_pvalue": 1.0,
      "stability": -1.5231039744097477,
      "total_return": -0.03998249502074147,
      "trade_count": 129.0,
      "trades": 129.0,
      "turnover": 0.008169440242057489,
      "volatility": 0.16113592035710164,
      "win_rate": 0.2574886535552194,
      "worst_month": -0.04620794881949519
    },
    "val": {
      "avg_trade": -0.0006309253036212213,
      "benchmark_corr": 0.5626507362295482,
      "cagr": -0.5687390330117545,
      "calmar": -6.367809098369715,
      "deflated_sharpe": 8.494683009785398e-07,
      "exposure": 0.14919354838709678,
      "max_drawdown": 0.08931471157911486,
      "mdd": 0.08931471157911486,
      "pbo": 0.125,
      "return": -0.0689394388162321,
      "rolling_sharpe_min": -43.72753534048174,
      "sharpe": -6.2019075253492675,
      "sortino": -4.218013662574887,
      "spa_pvalue": 1.0,
      "stability": -1.5287068962919401,
      "total_return": -0.0689394388162321,
      "trade_count": 112.0,
      "trades": 112.0,
      "turnover": 0.007795698924731183,
      "volatility": 0.13415345201671544,
      "win_rate": 0.2644489247311828,
      "worst_month": -0.05741379258388035
    }
  },
  "probe_peak_rss_mib": 3136.55078125,
  "recommended_action": "move to shortlist item 2: session-transition liquidity vacuum fade 5m",
  "schema_version": "1.0",
  "source_artifacts": {
    "anchor_bundle": "/home/hoky/Quants-agent/LuminaQuant/var/reports/exact_window_backtests/followup_status/autonomous_btc_beta_neutral_single_asset_zscore_15m_anchor_latest.json",
    "anchor_portfolio": "/home/hoky/Quants-agent/LuminaQuant/var/reports/exact_window_backtests/followup_status/autonomous_btc_beta_neutral_single_asset_zscore_15m_anchor_opt/portfolio_optimization_latest.json",
    "anchor_search_memory": "/home/hoky/Quants-agent/LuminaQuant/var/reports/exact_window_backtests/followup_status/autonomous_btc_beta_neutral_single_asset_zscore_15m_anchor_search/_memory_guard/portfolio_four_sleeve_search_memory_latest.json",