{
  "artifact_kind": "autonomous_composite_exec_decision",
  "best_execution_variant": {
    "name": "composite_trend_stable_30m_stable_ls_exec_shorthold_ls_0.75_0.45_0.20_0.80",
    "oos": {
      "avg_trade": 0.00012305118909484162,
      "benchmark_corr": -0.453882969401983,
      "cagr": 0.36080425791520754,
      "calmar": 14.150953298954562,
      "deflated_sharpe": 0.0508477796956906,
      "exposure": 0.05028569432325277,
      "max_drawdown": 0.02549681638351975,
      "mdd": 0.02549681638351975,
      "pbo": 0.375,
      "return": 0.0294933101518553,
      "rolling_sharpe_min": -18.894996646604906,
      "sharpe": 2.3796295357421817,
      "sortino": 1.4028078896415794,
      "spa_pvalue": 0.245,
      "stability": -1.496757654424787,
      "total_return": 0.0294933101518553,
      "trade_count": 243.0,
      "trades": 243.0,
      "turnover": 0.014481802689110795,
      "volatility": 0.13318152576260883,
      "win_rate": 0.07924984875983061,
      "worst_month": 0.006484691150425936
    },
    "tags": [
      "trend",
      "trend-following",
      "momentum",
      "oos-stability",
      "execution_risk",
      "article_pipeline",
      "article_family:regime-conditioned-composite-trend"
    ],
    "train": {
      "avg_trade": 3.5188388620856574e-05,
      "benchmark_corr": -0.24237496782104698,
      "cagr": 0.09258626661890701,
      "calmar": 1.2171613289218777,
      "deflated_sharpe": 0.05626515019705458,
      "exposure": 0.05610357061133196,
      "max_drawdown": 0.07606737448758494,
      "mdd": 0.07606737448758494,
      "pbo": 0.5,
      "return": 0.09258626661890701,
      "rolling_sharpe_min": -32.44457877429847,
      "sharpe": 0.7657252975501628,
      "sortino": 0.4689761107884701,
      "spa_pvalue": 0.155,
      "stability": -1.5147143930841227,
      "total_return": 0.09258626661890701,
      "trade_count": 2741.0,
      "trades": 2741.0,
      "turnover": 0.015133982161893524,
      "volatility": 0.1259608028079408,
      "win_rate": 0.08886986301369863,
      "worst_month": -0.029428786168245513
    },
    "val": {
      "avg_trade": 0.00019967750775291932,
      "benchmark_corr": -0.29418387925745143,
      "cagr": 0.6566802040926392,
      "calmar": 39.342100266445904,
      "deflated_sharpe": 0.11543732290142639,
      "exposure": 0.08498574955231802,
      "max_drawdown": 0.016691539080151974,
      "mdd": 0.016691539080151974,
      "pbo": 0.25,
      "return": 0.043807160282993474,
      "rolling_sharpe_min": -24.371250947754838,
      "sharpe": 4.122036282897226,
      "sortino": 3.2507358409936034,
      "spa_pvalue": 0.13,
      "stability": -1.4956124013861087,
      "total_return": 0.043807160282993474,
      "trade_count": 218.0,
      "trades": 218.0,
      "turnover": 0.01788836501664548,
      "volatility": 0.12433832182865094,
      "win_rate": 0.1028225806451613,
      "worst_month": 0.008775197227782527
    }
  },
  "candidate_key": "autonomous_composite_exec_30m_20260315T1057Z",
  "decision_reason": "Composite execution-risk variants failed to improve the incumbent 30m high-conv composite sleeve on locked-OOS return; the best short-hold variant was still slightly worse on OOS return despite a small Sharpe lift.",
  "deltas": {
    "oos_sharpe_delta_vs_incumbent_composite": 0.08426709483829997,
    "oos_total_return_delta_vs_incumbent_composite": -5.379514298420318e-05,
    "train_total_return_delta_vs_incumbent_composite": -0.0005674855810813284,
    "val_total_return_delta_vs_incumbent_composite": -0.006071604314443313
  },
  "generated_at": "2026-03-15T11:10:52.017339+00:00",
  "incumbent_composite": {
    "name": "composite_trend_stable_30m_stable_ls_highconv_ls_0.75_0.45_0.20_0.80",
    "oos": {
      "avg_trade": 0.00012254361368705673,
      "benchmark_corr": -0.45438935364131766,
      "cagr": 0.3615581086540234,
      "calmar": 12.671310280098718,
      "deflated_sharpe": 0.047943544071322786,
      "exposure": 0.053380397697225565,
      "max_drawdown": 0.028533600761231348,
      "mdd": 0.028533600761231348,
      "pbo": 0.375,
      "return": 0.029547105294839504,
      "rolling_sharpe_min": -19.886110311482824,
      "sharpe": 2.2953624409038818,
      "sortino": 1.3718506112467277,
      "spa_pvalue": 0.27,
      "stability": -1.496559272707271,
      "total_return": 0.029547105294839504,
      "trade_count": 245.0,
      "trades": 245.0,
      "turnover": 0.015322843564490627,
      "volatility": 0.1386330393626994,
      "win_rate": 0.08045977011494253,
      "worst_month": 0.006881454585458302
    },
    "train": {
      "avg_trade": 3.4494198246313556e-05,
      "benchmark_corr": -0.24160587334455264,
      "cagr": 0.09315375219998834,
      "calmar": 1.144884778363242,
      "deflated_sharpe": 0.05371443030957812,
      "exposure": 0.05971429925438872,
      "max_drawdown": 0.08136517661905107,
      "mdd": 0.08136517661905107,
      "pbo": 0.5,
      "return": 0.09315375219998834,
      "rolling_sharpe_min": -32.87892228999908,
      "sharpe": 0.7425286980505382,
      "sortino": 0.4579246323251092,
      "spa_pvalue": 0.165,
      "stability": -1.5154291412798697,
      "total_return": 0.09315375219998834,
      "trade_count": 2832.0,
      "trades": 2832.0,
      "turnover": 0.016009535660001635,
      "volatility": 0.13156066518375986,
      "win_rate": 0.08949771689497717,
      "worst_month": -0.030858282559739436
    },
    "val": {
      "avg_trade": 0.00020585774715592536,
      "benchmark_corr": -0.2915770125625625,
      "cagr": 0.7737665542695462,
      "calmar": 43.46604959330914,
      "deflated_sharpe": 0.13358579045880425,
      "exposure": 0.09123154024222886,
      "max_drawdown": 0.01780163050264072,
      "mdd": 0.01780163050264072,
      "pbo": 0.25,
      "return": 0.04987876459743679,
      "rolling_sharpe_min": -24.379315810668565,
      "sharpe": 4.427750205476359,
      "sortino": 3.5072424752617737,
      "spa_pvalue": 0.12,
      "stability": -1.4954740852068564,
      "total_return": 0.04987876459743679,
      "trade_count": 240.0,
      "trades": 240.0,
      "turnover": 0.01867686563946222,
      "volatility": 0.13137917069220215,
      "win_rate": 0.10416666666666667,
      "worst_month": 0.009051829586287141
    }
  },
  "label": "Autonomous 30m composite execution-risk exact-window challenger",
  "recommended_action": "continue to volatility-managed / target-vol benchmark lane",
  "schema_version": "1.0",
  "selection_basis": "autonomous_composite_exec_30m",
  "source_artifacts": {
    "exact_window_details": "/home/hoky/Quants-agent/LuminaQuant/var/reports/exact_window_backtests/autonomous_composite_exec_30m_20260315T1057Z/30m/exact_window_candidate_details_latest.json",
    "exact_window_summary": "/home/hoky/Quants-agent/LuminaQuant/var/reports/exact_window_backtests/autonomous_composite_exec_30m_20260315T1057Z/30m/exact_window_suite_summary_latest.json",
    "memory_evidence": "/home/hoky/Quants-agent/LuminaQuant/var/reports/exact_window_backtests/autonomous_composite_exec_30m_20260315T1057Z/30m/exact_window_memory_evidence_latest.json"
  },
  "status": "discard",
  "summary": {
    "evaluated_count": 15,
    "promoted_count": 0
  }
}