{
  "artifact_kind": "autonomous_portfolio_risk_search",
  "best_oos_variant": {
    "deltas": {
      "oos_max_drawdown_delta": 0.004397438312344515,
      "oos_sharpe_delta": -0.4329426563521217,
      "oos_total_return_delta": -0.008268108283486342,
      "train_sharpe_delta": -0.04745889060054681,
      "train_total_return_delta": -0.0029278845978739643,
      "val_sharpe_delta": -0.16281145370643113,
      "val_total_return_delta": 0.0044493318982887775
    },
    "oos": {
      "cagr": 0.6255759373966849,
      "calmar": 33.49831279183102,
      "max_drawdown": 0.018674849127005566,
      "sharpe": 3.01417824410138,
      "sortino": 11.100505264356777,
      "total_return": 0.047691868150268046,
      "volatility": 0.1656303830622813
    },
    "params": {
      "correlation_threshold": 0.35,
      "cost_penalty": 0.0,
      "max_strategy_cap": 0.7,
      "target_vol": 0.06
    },
    "train": {
      "cagr": 0.02820110313527424,
      "calmar": 0.35764277163032104,
      "max_drawdown": 0.07885271385947212,
      "sharpe": 0.35423209158825353,
      "sortino": 0.7258579720360255,
      "total_return": 0.02820110313527424,
      "volatility": 0.08979269605949038
    },
    "val": {
      "cagr": 0.4101398994828609,
      "calmar": 43.879781451944254,
      "max_drawdown": 0.009346899321548197,
      "sharpe": 4.498373947530176,
      "sortino": 8.875925218337024,
      "total_return": 0.029620222031506493,
      "volatility": 0.0770760257457367
    },
    "weights": [
      {
        "candidate_id": "4b050c2ad437c77f",
        "family": "market_neutral",
        "fit_return": 0.01606720015631824,
        "fit_sharpe": 3.8797484359521275,
        "fit_split": "val",
        "name": "pair_spread_1h_core_bnbusdt_trxusdt_2.2_0.55",
        "oos_return": 0.0723750581955176,
        "oos_sharpe": 4.556884188045461,
        "report_return": 0.0723750581955176,
        "report_sharpe": 4.556884188045461,
        "report_split": "oos",
        "strategy_class": "PairSpreadZScoreStrategy",
        "symbols": [
          "BNB/USDT",
          "TRX/USDT"
        ],
        "timeframe": "1h",
        "weight": 0.40000000067164954
      },
      {
        "candidate_id": "feecc2c87fbb8475",
        "family": "trend",
        "fit_return": 0.04987876459743679,
        "fit_sharpe": 4.427750205476359,
        "fit_split": "val",
        "name": "composite_trend_stable_30m_stable_ls_highconv_ls_0.75_0.45_0.20_0.80",
        "oos_return": 0.029547105294839504,
        "oos_sharpe": 2.2953624409038818,
        "report_return": 0.029547105294839504,
        "report_sharpe": 2.2953624409038818,
        "report_split": "oos",
        "strategy_class": "CompositeTrendStrategy",
        "symbols": [
          "BTC/USDT",
          "ETH/USDT",
          "BNB/USDT",
          "SOL/USDT",
          "TRX/USDT"
        ],
        "timeframe": "30m",
        "weight": 0.3806202480709807
      },
      {
        "candidate_id": "4c8fdaeabe315563",
        "family": "cross_sectional",
        "fit_return": 0.018372483665204387,
        "fit_sharpe": 1.640883072742277,
        "fit_split": "val",
        "name": "topcap_tsmom_1h_balanced_16_4_0.015",
        "oos_return": 0.032378603658792526,
        "oos_sharpe": 1.4641557597854604,
        "report_return": 0.032378603658792526,
        "report_sharpe": 1.4641557597854604,
        "report_split": "oos",
        "strategy_class": "TopCapTimeSeriesMomentumStrategy",
        "symbols": [
          "BTC/USDT",
          "ETH/USDT",
          "BNB/USDT",
          "SOL/USDT",
          "TRX/USDT"
        ],
        "timeframe": "1h",
        "weight": 0.2193797512573698
      }
    ]
  },
  "decision_reason": "No bounded weight/vol-target/cost/correlation variant of the incumbent bundle beat the incumbent on locked-OOS return; none met the train-improvement + acceptable-OOS near-miss screen.",
  "generated_at": "2026-03-15T09:46:47.974753+00:00",
  "grid": {
    "correlation_threshold": [
      0.35,
      0.5,
      0.65
    ],
    "cost_penalty": [
      0.0,
      0.1,
      0.2
    ],
    "max_strategy_cap": [
      0.4,
      0.5,
      0.6,
      0.7,
      0.8
    ],
    "target_vol": [
      0.06,
      0.08,
      0.1,
      0.12
    ]
  },
  "incumbent_metrics": {
    "oos": {
      "cagr": 0.7644493706045741,
      "calmar": 53.54257718910656,
      "max_drawdown": 0.014277410814661051,
      "sharpe": 3.4471209004535015,
      "sortino": 12.272011214344426,
      "total_return": 0.05595997643375439,
      "volatility": 0.1687910826754393
    },
    "train": {
      "cagr": 0.031128987733148206,
      "calmar": 0.4387372048542752,
      "max_drawdown": 0.07095132892476619,
      "sharpe": 0.40169098218880034,
      "sortino": 0.6684884761882702,
      "total_return": 0.031128987733148206,
      "volatility": 0.08531609458298543
    },
    "val": {
      "cagr": 0.34003864659038885,
      "calmar": 43.35649610335891,
      "max_drawdown": 0.007842853485663603,
      "sharpe": 4.661185401236607,
      "sortino": 7.569957740388168,
      "total_return": 0.025170890133217716,
      "volatility": 0.06323456277167129
    }
  },
  "near_miss_variants": [],
  "run_count": 180,
  "schema_version": "1.0",
  "selection_basis": "incumbent_bundle_bounded_optimizer_grid",
  "status": "discard"
}