{
  "artifact_kind": "autonomous_volcomp_vwap_rev_guarded_5m_decision",
  "best_variant": {
    "family": "mean_reversion",
    "hard_reject_reasons": {
      "oos_sharpe": -1.7247782787082244
    },
    "hurdle_fields": {
      "oos": {
        "excess_return": -0.005574142963963191,
        "pass": false,
        "score": -5.33214750905701
      },
      "train": {
        "excess_return": -0.08620398792717421,
        "pass": false,
        "score": -18.725570903167448
      },
      "val": {
        "excess_return": -0.009415223085789237,
        "pass": false,
        "score": -26.123819552418425
      }
    },
    "metadata": {
      "allow_short": false,
      "article_pipeline_family_ids": [
        "vol-compression-break-reversion"
      ],
      "cost_rate": 0.0005,
      "entry_guard": "zscore",
      "family": "mean_reversion",
      "hypothesis_origin": "article_research_pipeline",
      "timeframe": "5m"
    },
    "name": "volcomp_vwap_rev_guarded_5m_guarded_lo_strict_2.60_0.10",
    "notes": "Compression-gated VWAP mean reversion with bounded low-turnover guardrails for 5m follow-up (guarded_lo_strict).",
    "oos": {
      "avg_trade": -4.9865637590078395e-05,
      "benchmark_corr": -0.016692810162945416,
      "cagr": -0.05755244175038077,
      "calmar": -4.447225058861305,
      "deflated_sharpe": 0.0020128029845339346,
      "exposure": 0.0025219408857056393,
      "max_drawdown": 0.012941202882391756,
      "mdd": 0.012941202882391756,
      "pbo": 0.0,
      "return": -0.005574142963963191,
      "rolling_sharpe_min": -76.24432120387006,
      "sharpe": -1.7247782787082244,
      "sortino": -0.2552756666957122,
      "spa_pvalue": 1.0,
      "stability": -1.5021650568511378,
      "total_return": -0.005574142963963191,
      "trade_count": 111.0,
      "trades": 111.0,
      "turnover": 0.0024614143044487035,
      "volatility": 0.03403073483336847,
      "win_rate": 0.004438615958841925,
      "worst_month": -0.00433011370227554
    },
    "params": {
      "allow_short": false,
      "atr_stop_pct": 0.01,
      "compression_percentile": 0.1,
      "compression_vol_ratio": 0.68,
      "entry_z": 2.6,
      "exit_z": 0.15,
      "max_hold_bars": 18,
      "vwap_window": 120,
      "z_window": 240
    },
    "promoted": false,
    "strategy_class": "VolCompressionVWAPReversionStrategy",
    "strategy_timeframe": "5m",
    "symbols": [
      "BTC/USDT",
      "ETH/USDT",
      "BNB/USDT",
      "SOL/USDT",
      "TRX/USDT"
    ],
    "tags": [
      "mean_reversion",
      "vol_compression",
      "vwap",
      "bounded",
      "article_pipeline",
      "article_family:vol-compression-break-reversion"
    ],
    "train": {
      "avg_trade": -9.905384617851342e-05,
      "benchmark_corr": -0.0013069656071382696,
      "cagr": -0.08620398792717421,
      "calmar": -0.9978799315727792,
      "deflated_sharpe": 5.0959236830294685e-14,
      "exposure": 0.0017903348554033486,
      "max_drawdown": 0.08638713456368075,
      "mdd": 0.08638713456368075,
      "pbo": 0.0,
      "return": -0.08620398792717421,
      "rolling_sharpe_min": -100.97822782467854,
      "sharpe": -6.128513052381838,
      "sortino": -0.8672374572941075,
      "spa_pvalue": 1.0,
      "stability": -1.5085741395995989,
      "total_return": -0.08620398792717421,
      "trade_count": 909.0,
      "trades": 909.0,
      "turnover": 0.0018531202435312026,
      "volatility": 0.014691972654161974,
      "win_rate": 0.0036149162861491627,
      "worst_month": -0.01714827919919759
    },
    "val": {
      "avg_trade": -0.00014773257842715242,
      "benchmark_corr": -0.06057734279577519,
      "cagr": -0.10540289850449391,
      "calmar": -11.194944351725729,
      "deflated_sharpe": 0.0,
      "exposure": 0.0011648745519713263,
      "max_drawdown": 0.009415223085789237,
      "mdd": 0.009415223085789237,
      "pbo": 0.0,
      "return": -0.009415223085789237,
      "rolling_sharpe_min": -59.48320274455633,
      "sharpe": -10.330952810173251,
      "sortino": -1.0257008212947445,
      "spa_pvalue": 1.0,
      "stability": -1.5033783338923357,
      "total_return": -0.009415223085789237,
      "trade_count": 64.0,
      "trades": 64.0,
      "turnover": 0.0014336917562724014,
      "volatility": 0.010775738524892314,
      "win_rate": 0.002240143369175627,
      "worst_month": -0.006756667784671322
    }
  },
  "candidate_key": "autonomous_volcomp_vwap_rev_guarded_5m_reuse",
  "decision_reason": "Reused the prior autonomous_intraday_5m exact-window batch instead of launching a duplicate heavy run; both 5m volcomp_vwap_rev_guarded variants remained negative on train, validation, and locked OOS, so the family is discarded before any incumbent-anchor portfolio stage.",
  "deltas": {
    "best_volcomp_oos_max_drawdown_delta_vs_incumbent": -0.0013362079322692955,
    "best_volcomp_oos_sharpe_delta_vs_incumbent": -5.230889854970382,
    "best_volcomp_oos_total_return_delta_vs_incumbent": -0.06320214571310301,
    "best_volcomp_val_sharpe_delta_vs_incumbent": -15.398217837931167,
    "best_volcomp_val_total_return_delta_vs_incumbent": -0.040848566820353205
  },
  "generated_at": "2026-03-16T11:19:22.964108+00:00",
  "label": "Autonomous 5m volcomp VWAP reversion challenger",
  "recommended_action": "advance to the next unused backlog lane, with lag_convergence 4h now the highest-priority untested family",
  "reuse_evidence": {
    "duplicate_guard_reason": "the existing autonomous_intraday_5m exact-window batch already screened both 5m volcomp variants under the locked windows, so no new heavy lane was launched",
    "family_variant_count": 2,
    "representative_run_id": "autonomous_intraday_5m_20260314T145221Z",
    "supporting_run_count": 1,
    "supporting_runs": [
      {
        "details_path": "/home/hoky/Quants-agent/LuminaQuant/.omx/team/continue-the-autonomous-portfo/worktrees/worker-1/var/reports/exact_window_backtests/autonomous_intraday_5m_20260314T145221Z/5m/exact_window_candidate_details_latest.json",
        "peak_rss_mib": 2690.671875,
        "requested_symbols": [
          "BTC/USDT",
          "ETH/USDT",
          "BNB/USDT",
          "SOL/USDT",
          "TRX/USDT"
        ],
        "run_id": "autonomous_intraday_5m_20260314T145221Z",
        "summary_path": "/home/hoky/Quants-agent/LuminaQuant/.omx/team/continue-the-autonomous-portfo/worktrees/worker-1/var/reports/exact_window_backtests/autonomous_intraday_5m_20260314T145221Z/5m/exact_window_suite_summary_latest.json"
      }
    ]
  },
  "schema_version": "1.0",
  "source_artifacts": {
    "incumbent_portfolio": "/home/hoky/Quants-agent/LuminaQuant/.omx/team/continue-the-autonomous-portfo/worktrees/worker-1/var/reports/exact_window_backtests/followup_status/portfolio_one_shot_current_opt/portfolio_optimization_latest.json",
    "representative_manifest": "/home/hoky/Quants-agent/LuminaQuant/.omx/team/continue-the-autonomous-portfo/worktrees/worker-1/var/reports/exact_window_backtests/autonomous_intraday_5m_20260314T145221Z/manifest.json",
    "run_details": "/home/hoky/Quants-agent/LuminaQuant/.omx/team/continue-the-autonomous-portfo/worktrees/worker-1/var/reports/exact_window_backtests/autonomous_intraday_5m_20260314T145221Z/5m/exact_window_candidate_details_latest.json",
    "run_memory_evidence": "/home/hoky/Quants-agent/LuminaQuant/.omx/team/continue-the-autonomous-portfo/worktrees/worker-1/var/reports/exact_window_backtests/autonomous_intraday_5m_20260314T145221Z/5m/exact_window_memory_evidence_latest.json",
    "run_summary": "/home/hoky/Quants-agent/LuminaQuant/.omx/team/continue-the-autonomous-portfo/worktrees/worker-1/var/reports/exact_window_backtests/autonomous_intraday_5m_20260314T145221Z/5m/exact_window_suite_summary_latest.json"
  },
  "status": "discard",
  "summary": {
    "best_volcomp_variant": "volcomp_vwap_rev_guarded_5m_guarded_lo_strict_2.60_0.10",
    "family_variant_count": 2,
    "peak_rss_mib": 2690.671875,
    "representative_evaluated_count": 13,