{
  "anchor_portfolio": {
    "oos": {
      "cagr": 0.39516781558677905,
      "calmar": 52.57024982751729,
      "max_drawdown": 0.007516947644025329,
      "sharpe": 3.1127544242831893,
      "sortino": 12.532938409875975,
      "total_return": 0.03244824326566076,
      "volatility": 0.10885535893794035
    },
    "path": "/home/hoky/Quants-agent/LuminaQuant/var/reports/exact_window_backtests/followup_status/autonomous_residual_basket_reversion_15m_anchor_opt/portfolio_optimization_latest.json",
    "train": {
      "cagr": -0.08073084178351819,
      "calmar": -0.7495788540555361,
      "max_drawdown": 0.10770159983400074,
      "sharpe": -1.334523058677577,
      "sortino": -2.4137538549408455,
      "total_return": -0.08073084178351819,
      "volatility": 0.06165372215118462
    },
    "val": {
      "cagr": 0.15674812123516157,
      "calmar": 22.270106707393534,
      "max_drawdown": 0.0070384988852847385,
      "sharpe": 3.082853851299886,
      "sortino": 4.955173661391592,
      "total_return": 0.012443897026465756,
      "volatility": 0.04759790203575197
    },
    "weights": [
      {
        "candidate_id": "7801a97807000903",
        "family": "cross_sectional",
        "fit_return": -0.02550799062845177,
        "fit_sharpe": -5.493130705709189,
        "fit_split": "val",
        "name": "residual_basket_reversion_15m_resid_btc_guarded_lo_64_2.20",
        "oos_return": -0.006301879464826854,
        "oos_sharpe": -0.8236294687985178,
        "report_return": -0.006301879464826854,
        "report_sharpe": -0.8236294687985178,
        "report_split": "oos",
        "strategy_class": "ResidualBasketReversionStrategy",
        "symbols": [
          "BTC/USDT",
          "ETH/USDT",
          "BNB/USDT",
          "SOL/USDT",
          "TRX/USDT"
        ],
        "timeframe": "15m",
        "weight": 0.3
      },
      {
        "candidate_id": "4b050c2ad437c77f",
        "family": "market_neutral",
        "fit_return": 0.01606720015631824,
        "fit_sharpe": 3.8797484359521275,
        "fit_split": "val",
        "name": "pair_spread_1h_core_bnbusdt_trxusdt_2.2_0.55",
        "oos_return": 0.0723750581955176,
        "oos_sharpe": 4.556884188045461,
        "report_return": 0.0723750581955176,
        "report_sharpe": 4.556884188045461,
        "report_split": "oos",
        "strategy_class": "PairSpreadZScoreStrategy",
        "symbols": [
          "BNB/USDT",
          "TRX/USDT"
        ],
        "timeframe": "1h",
        "weight": 0.3
      },
      {
        "candidate_id": "feecc2c87fbb8475",
        "family": "trend",
        "fit_return": 0.04987876459743679,
        "fit_sharpe": 4.427750205476359,
        "fit_split": "val",
        "name": "composite_trend_stable_30m_stable_ls_highconv_ls_0.75_0.45_0.20_0.80",
        "oos_return": 0.029547105294839504,
        "oos_sharpe": 2.2953624409038818,
        "report_return": 0.029547105294839504,
        "report_sharpe": 2.2953624409038818,
        "report_split": "oos",
        "strategy_class": "CompositeTrendStrategy",
        "symbols": [
          "BTC/USDT",
          "ETH/USDT",
          "BNB/USDT",
          "SOL/USDT",
          "TRX/USDT"
        ],
        "timeframe": "30m",
        "weight": 0.2543902770880808
      },
      {
        "candidate_id": "4c8fdaeabe315563",
        "family": "cross_sectional",
        "fit_return": 0.018372483665204387,
        "fit_sharpe": 1.640883072742277,
        "fit_split": "val",
        "name": "topcap_tsmom_1h_balanced_16_4_0.015",
        "oos_return": 0.032378603658792526,
        "oos_sharpe": 1.4641557597854604,
        "report_return": 0.032378603658792526,
        "report_sharpe": 1.4641557597854604,
        "report_split": "oos",
        "strategy_class": "TopCapTimeSeriesMomentumStrategy",
        "symbols": [
          "BTC/USDT",
          "ETH/USDT",
          "BNB/USDT",
          "SOL/USDT",
          "TRX/USDT"
        ],
        "timeframe": "1h",
        "weight": 0.1456097229119192
      }
    ]
  },
  "anchor_search_peak_rss_mib": 42.65234375,
  "artifact_kind": "autonomous_residual_basket_reversion_15m_decision",
  "candidate_key": "autonomous_residual_basket_reversion_15m_anchor_opt",
  "decision_reason": "Fresh 15m residual-basket evidence improved drawdown materially in the anchored portfolio, but both probe variants were still negative individually and the anchored challenger remained below the incumbent on locked-OOS return and Sharpe.",
  "deltas": {
    "anchor_oos_max_drawdown_delta_vs_incumbent": -0.006760463170635722,
    "anchor_oos_sharpe_delta_vs_incumbent": -0.39335715197896803,
    "anchor_oos_total_return_delta_vs_incumbent": -0.02517975948347906,
    "probe_oos_sharpe_delta_vs_incumbent": -4.3297410450606755,
    "probe_oos_total_return_delta_vs_incumbent": -0.06392988221396667,
    "promotion_score_delta_vs_incumbent": -0.7574979419042567
  },
  "generated_at": "2026-03-17T12:22:47.826884+00:00",
  "label": "Autonomous residual basket reversion 15m challenger",
  "peak_rss_mib": 3139.34375,
  "probe_candidate": {
    "name": "residual_basket_reversion_15m_resid_btc_guarded_lo_64_2.20",
    "oos": {
      "avg_trade": -2.4542675081508527e-05,
      "benchmark_corr": 0.38428658258976106,
      "cagr": -0.06482788178443744,
      "calmar": -3.100800795707496,
      "deflated_sharpe": 0.002683804779100629,
      "exposure": 0.038366111951588504,
      "max_drawdown": 0.020906819255909648,
      "mdd": 0.020906819255909648,
      "pbo": 0.125,
      "return": -0.006301879464826854,
      "rolling_sharpe_min": -42.27512503874552,
      "sharpe": -0.8236294687985178,
      "sortino": -0.6012714632528035,
      "spa_pvalue": 1.0,
      "stability": -1.5024467535136958,
      "total_return": -0.006301879464826854,
      "trade_count": 246.0,
      "trades": 246.0,
      "turnover": 0.016459909228441757,
      "volatility": 0.07771731027921784,
      "win_rate": 0.09319213313161875,
      "worst_month": -0.004893507027391442
    },
    "val": {
      "avg_trade": -0.0001179350383288624,
      "benchmark_corr": 0.4609446337427505,
      "cagr": -0.26231097140482906,
      "calmar": -9.25986151871691,
      "deflated_sharpe": 6.334613076475204e-06,
      "exposure": 0.03508064516129032,
      "max_drawdown": 0.028327742361440422,
      "mdd": 0.028327742361440422,
      "pbo": 0.0,
      "return": -0.02550799062845177,
      "rolling_sharpe_min": -31.44905278795511,
      "sharpe": -5.493130705709189,
      "sortino": -2.8959399973396174,
      "spa_pvalue": 1.0,
      "stability": -1.5095373470498037,
      "total_return": -0.02550799062845177,
      "trade_count": 218.0,
      "trades": 218.0,
      "turnover": 0.016666666666666666,
      "volatility": 0.055107484076984535,
      "win_rate": 0.08669354838709678,
      "worst_month": -0.019074694099607492
    }
  },
  "probe_peak_rss_mib": 3139.34375,
  "recommended_action": "continue through the remaining shortlist items; residual basket reversion still lacks enough upside over the incumbent",
  "schema_version": "1.0",
  "source_artifacts": {
    "anchor_bundle": "/home/hoky/Quants-agent/LuminaQuant/var/reports/exact_window_backtests/followup_status/autonomous_residual_basket_reversion_15m_anchor_latest.json",
    "anchor_portfolio": "/home/hoky/Quants-agent/LuminaQuant/var/reports/exact_window_backtests/followup_status/autonomous_residual_basket_reversion_15m_anchor_opt/portfolio_optimization_latest.json",
    "anchor_search_memory": "/home/hoky/Quants-agent/LuminaQuant/var/reports/exact_window_backtests/followup_status/autonomous_residual_basket_reversion_15m_anchor_search/_memory_guard/portfolio_four_sleeve_search_memory_latest.json",
    "comparison_json": "/home/hoky/Quants-agent/LuminaQuant/var/reports/exact_window_backtests/followup_status/autonomous_residual_basket_reversion_15m_comparison_latest.json",