{
  "artifact_kind": "autonomous_pairstate_decision",
  "best_existing_core": {
    "name": "pair_spread_1h_core_bnbusdt_trxusdt_2.6_0.70",
    "oos": {
      "avg_trade": 0.02122440990947838,
      "benchmark_corr": -0.4055350383251082,
      "cagr": 2.038048997397664,
      "calmar": 79.8420535386609,
      "deflated_sharpe": 0.19787192289148348,
      "exposure": 0.0,
      "max_drawdown": 0.025526009252890836,
      "mdd": 0.025526009252890836,
      "pbo": 0.375,
      "return": 0.1106060417660144,
      "rolling_sharpe_min": -13.698492843950326,
      "sharpe": 7.010192045710411,
      "sortino": 5.935178027049974,
      "spa_pvalue": 0.015,
      "stability": -1.4914310381675375,
      "total_return": 0.1106060417660144,
      "trade_count": 5.0,
      "trades": 5.0,
      "turnover": 0.006045949214026602,
      "volatility": 0.16035197371273927,
      "win_rate": 0.13180169286577992,
      "worst_month": 0.017137923664924948
    },
    "train": {
      "avg_trade": 0.00017656196987444694,
      "benchmark_corr": -0.12581501674123668,
      "cagr": 0.008423294865973263,
      "calmar": 0.08935290893662456,
      "deflated_sharpe": 0.0023833111375358706,
      "exposure": 0.0,
      "max_drawdown": 0.09426995680630457,
      "mdd": 0.09426995680630457,
      "pbo": 0.5,
      "return": 0.008423294865973263,
      "rolling_sharpe_min": -28.061563218691443,
      "sharpe": 0.13376653711090744,
      "sortino": 0.09078629216685258,
      "spa_pvalue": 0.445,
      "stability": -1.5337673281517226,
      "total_return": 0.008423294865973263,
      "trade_count": 76.0,
      "trades": 76.0,
      "turnover": 0.008675799086757991,
      "volatility": 0.10031439850560199,
      "win_rate": 0.1091324200913242,
      "worst_month": -0.06753465630344513
    },
    "val": {
      "avg_trade": 0.0034040419202806768,
      "benchmark_corr": -0.06789103430322875,
      "cagr": 0.2207239208372922,
      "calmar": 37.484538398387336,
      "deflated_sharpe": 0.051896003040014294,
      "exposure": 0.0,
      "max_drawdown": 0.005888399064473693,
      "mdd": 0.005888399064473693,
      "pbo": 0.75,
      "return": 0.017083364388581712,
      "rolling_sharpe_min": -15.631880617395602,
      "sharpe": 4.586849556216404,
      "sortino": 1.879926873425964,
      "spa_pvalue": 0.065,
      "stability": -1.5,
      "total_return": 0.017083364388581712,
      "trade_count": 5.0,
      "trades": 5.0,
      "turnover": 0.006720430107526882,
      "volatility": 0.04368995312031664,
      "win_rate": 0.04435483870967742,
      "worst_month": 0.0
    }
  },
  "best_state_variant": {
    "name": "pair_spread_1h_state_vwap_bnbusdt_trxusdt_2.6_0.70",
    "oos": {
      "avg_trade": 0.02122440990947838,
      "benchmark_corr": -0.4055350383251082,
      "cagr": 2.038048997397664,
      "calmar": 79.8420535386609,
      "deflated_sharpe": 0.19787192289148348,
      "exposure": 0.0,
      "max_drawdown": 0.025526009252890836,
      "mdd": 0.025526009252890836,
      "pbo": 0.375,
      "return": 0.1106060417660144,
      "rolling_sharpe_min": -13.698492843950326,
      "sharpe": 7.010192045710411,
      "sortino": 5.935178027049974,
      "spa_pvalue": 0.015,
      "stability": -1.4914310381675375,
      "total_return": 0.1106060417660144,
      "trade_count": 5.0,
      "trades": 5.0,
      "turnover": 0.006045949214026602,
      "volatility": 0.16035197371273927,
      "win_rate": 0.13180169286577992,
      "worst_month": 0.017137923664924948
    },
    "tags": [
      "market_neutral",
      "pair",
      "spread",
      "zscore",
      "pair_state",
      "article_pipeline",
      "article_family:sector-dispersion-reversion"
    ],
    "train": {
      "avg_trade": 0.00018352465931614417,
      "benchmark_corr": -0.12514660836947702,
      "cagr": 0.009239707453354562,
      "calmar": 0.09902225612855357,
      "deflated_sharpe": 0.002446944947403773,
      "exposure": 0.0,
      "max_drawdown": 0.09330940148807865,
      "mdd": 0.09330940148807865,
      "pbo": 0.5,
      "return": 0.009239707453354562,
      "rolling_sharpe_min": -26.1188095833229,
      "sharpe": 0.1422429174075529,
      "sortino": 0.0946154360599497,
      "spa_pvalue": 0.445,
      "stability": -1.5303784302951131,
      "total_return": 0.009239707453354562,
      "trade_count": 77.0,
      "trades": 77.0,
      "turnover": 0.008789954337899543,
      "volatility": 0.09934694130923911,
      "win_rate": 0.10468036529680365,
      "worst_month": -0.060756860590226
    },
    "val": {
      "avg_trade": 0.004270091027105404,
      "benchmark_corr": -0.06354023807789498,
      "cagr": 0.10517040864400595,
      "calmar": 17.973931234206606,
      "deflated_sharpe": 0.019201870383047326,
      "exposure": 0.0,
      "max_drawdown": 0.005851274675172546,
      "mdd": 0.005851274675172546,
      "pbo": 0.875,
      "return": 0.008529280329972577,
      "rolling_sharpe_min": -15.631880617395602,
      "sharpe": 3.019603875604855,
      "sortino": 0.8458671910523926,
      "spa_pvalue": 0.17,
      "stability": -1.5,
      "total_return": 0.008529280329972577,
      "trade_count": 2.0,
      "trades": 2.0,
      "turnover": 0.002688172043010753,
      "volatility": 0.033300313745490306,
      "win_rate": 0.021505376344086023,
      "worst_month": 0.0
    }
  },
  "candidate_key": "autonomous_pairstate_1h_20260315T0815Z",
  "decision_reason": "New deterministic pair-state variants failed to improve the best existing 1h pair candidate on locked-OOS return; the strongest stateful variant only matched OOS while weakening validation robustness.",
  "deltas": {
    "oos_sharpe_delta_vs_core": 0.0,
    "oos_total_return_delta_vs_core": 0.0,
    "train_total_return_delta_vs_core": 0.0008164125873812988,
    "val_total_return_delta_vs_core": -0.008554084058609135
  },
  "generated_at": "2026-03-15T09:42:23.982578+00:00",
  "label": "Autonomous 1h pair-state exact-window challenger",
  "recommended_action": "move to blended Kelly / execution-risk management variants next",
  "schema_version": "1.0",
  "selection_basis": "autonomous_pairstate_1h",
  "source_artifacts": {
    "exact_window_details": "/home/hoky/Quants-agent/LuminaQuant/var/reports/exact_window_backtests/autonomous_pairstate_1h_20260315T0815Z/1h/exact_window_candidate_details_latest.json",
    "exact_window_summary": "/home/hoky/Quants-agent/LuminaQuant/var/reports/exact_window_backtests/autonomous_pairstate_1h_20260315T0815Z/1h/exact_window_suite_summary_latest.json",
    "memory_evidence": "/home/hoky/Quants-agent/LuminaQuant/var/reports/exact_window_backtests/autonomous_pairstate_1h_20260315T0815Z/1h/exact_window_memory_evidence_latest.json"
  },
  "status": "discard",
  "summary": {
    "evaluated_count": 79,
    "promoted_count": 0
  }
}