{
  "anchor_portfolio": {
    "oos": {
      "cagr": 0.5204642328380453,
      "calmar": 33.83084953250547,
      "max_drawdown": 0.0153843087013813,
      "sharpe": 2.750412946924659,
      "sortino": 10.277143843038981,
      "total_return": 0.04099770821657733,
      "volatility": 0.15668097139649484
    },
    "path": "/home/hoky/Quants-agent/LuminaQuant/var/reports/exact_window_backtests/followup_status/autonomous_regime_conditioned_composite_trend_30m_anchor_opt/portfolio_optimization_latest.json",
    "train": {
      "cagr": 0.04402210959665953,
      "calmar": 0.5775469162202936,
      "max_drawdown": 0.07622256886896472,
      "sharpe": 0.5084092533100841,
      "sortino": 1.1497754225571943,
      "total_return": 0.04402210959665953,
      "volatility": 0.09318649479900046
    },
    "val": {
      "cagr": 0.5662524421307336,
      "calmar": 61.983712269153074,
      "max_drawdown": 0.009135503850945303,
      "sharpe": 5.397871148982835,
      "sortino": 12.584173991069363,
      "total_return": 0.038842964761541365,
      "volatility": 0.08380081254312782
    },
    "weights": [
      {
        "candidate_id": "4b050c2ad437c77f",
        "family": "market_neutral",
        "fit_return": 0.01606720015631824,
        "fit_sharpe": 3.8797484359521275,
        "fit_split": "val",
        "name": "pair_spread_1h_core_bnbusdt_trxusdt_2.2_0.55",
        "oos_return": 0.0723750581955176,
        "oos_sharpe": 4.556884188045461,
        "report_return": 0.0723750581955176,
        "report_sharpe": 4.556884188045461,
        "report_split": "oos",
        "strategy_class": "PairSpreadZScoreStrategy",
        "symbols": [
          "BNB/USDT",
          "TRX/USDT"
        ],
        "timeframe": "1h",
        "weight": 0.30000000000000004
      },
      {
        "candidate_id": "0df2c8b8498ba604",
        "family": "trend",
        "fit_return": 0.06294902822074588,
        "fit_sharpe": 5.032914561408509,
        "fit_split": "val",
        "name": "composite_trend_stable_30m_stable_ls_core_ls_0.60_0.45_0.20_0.80",
        "oos_return": 0.02211027593723447,
        "oos_sharpe": 1.625160470439894,
        "report_return": 0.02211027593723447,
        "report_sharpe": 1.625160470439894,
        "report_split": "oos",
        "strategy_class": "CompositeTrendStrategy",
        "symbols": [
          "BTC/USDT",
          "ETH/USDT",
          "BNB/USDT",
          "SOL/USDT",
          "TRX/USDT"
        ],
        "timeframe": "30m",
        "weight": 0.2881273066464113
      },
      {
        "candidate_id": "feecc2c87fbb8475",
        "family": "trend",
        "fit_return": 0.04987876459743679,
        "fit_sharpe": 4.427750205476359,
        "fit_split": "val",
        "name": "composite_trend_stable_30m_stable_ls_highconv_ls_0.75_0.45_0.20_0.80",
        "oos_return": 0.029547105294839504,
        "oos_sharpe": 2.2953624409038818,
        "report_return": 0.029547105294839504,
        "report_sharpe": 2.2953624409038818,
        "report_split": "oos",
        "strategy_class": "CompositeTrendStrategy",
        "symbols": [
          "BTC/USDT",
          "ETH/USDT",
          "BNB/USDT",
          "SOL/USDT",
          "TRX/USDT"
        ],
        "timeframe": "30m",
        "weight": 0.26187295203885613
      },
      {
        "candidate_id": "4c8fdaeabe315563",
        "family": "cross_sectional",
        "fit_return": 0.018372483665204387,
        "fit_sharpe": 1.640883072742277,
        "fit_split": "val",
        "name": "topcap_tsmom_1h_balanced_16_4_0.015",
        "oos_return": 0.032378603658792526,
        "oos_sharpe": 1.4641557597854604,
        "report_return": 0.032378603658792526,
        "report_sharpe": 1.4641557597854604,
        "report_split": "oos",
        "strategy_class": "TopCapTimeSeriesMomentumStrategy",
        "symbols": [
          "BTC/USDT",
          "ETH/USDT",
          "BNB/USDT",
          "SOL/USDT",
          "TRX/USDT"
        ],
        "timeframe": "1h",
        "weight": 0.14999974131473265
      }
    ]
  },
  "anchor_search_peak_rss_mib": 42.60546875,
  "artifact_kind": "autonomous_regime_conditioned_composite_trend_30m_decision",
  "candidate_key": "autonomous_regime_conditioned_composite_trend_30m_anchor_opt",
  "decision_reason": "Reused the March 15, 2026 composite-trend 30m exact-window evidence. The best validation-ranked composite variant (composite_trend_stable_30m_stable_ls_core_ls_0.60_0.45_0.20_0.80) remained positive, but the anchored challenger still underperformed the incumbent on locked-OOS return, Sharpe, and drawdown, so the family did not justify replacing or diluting the existing trend sleeve.",
  "deltas": {
    "anchor_oos_max_drawdown_delta_vs_incumbent": 0.0011068978867202484,
    "anchor_oos_sharpe_delta_vs_incumbent": -0.7556986293374983,
    "anchor_oos_total_return_delta_vs_incumbent": -0.016630294532562484,
    "probe_oos_sharpe_delta_vs_incumbent": -1.8809511058222632,
    "probe_oos_total_return_delta_vs_incumbent": -0.03551772681190535,
    "promotion_score_delta_vs_incumbent": -3.7651515512210914
  },
  "generated_at": "2026-03-17T11:27:52.772211+00:00",
  "label": "Autonomous regime-conditioned composite trend 30m challenger",
  "peak_rss_mib": 3219.53125,
  "probe_candidate": {
    "name": "composite_trend_stable_30m_stable_ls_core_ls_0.60_0.45_0.20_0.80",
    "oos": {
      "avg_trade": 8.185754182361526e-05,
      "benchmark_corr": -0.4394985452217214,
      "cagr": 0.26085706385260954,
      "calmar": 7.654403583852941,
      "deflated_sharpe": 0.031040862393855395,
      "exposure": 0.06261233221800179,
      "max_drawdown": 0.03407934543755842,
      "mdd": 0.03407934543755842,
      "pbo": 0.5,
      "return": 0.02211027593723447,
      "rolling_sharpe_min": -25.16615088348734,
      "sharpe": 1.625160470439894,
      "sortino": 1.0445572942273278,
      "spa_pvalue": 0.335,
      "stability": -1.4960756134340274,
      "total_return": 0.02211027593723447,
      "trade_count": 280.0,
      "trades": 280.0,
      "turnover": 0.018681050240375533,
      "volatility": 0.14947953151197232,
      "win_rate": 0.08832425892316999,
      "worst_month": 0.00784877313194543
    },
    "val": {
      "avg_trade": 0.00022279361273601787,
      "benchmark_corr": -0.26135692928255216,
      "cagr": 1.0519302352417865,
      "calmar": 59.60371804342359,
      "deflated_sharpe": 0.17713441331864294,
      "exposure": 0.11153241438579917,
      "max_drawdown": 0.017648735175805896,
      "mdd": 0.017648735175805896,
      "pbo": 0.375,
      "return": 0.06294902822074588,
      "rolling_sharpe_min": -26.270750880267574,
      "sharpe": 5.032914561408509,
      "sortino": 4.190741748824569,
      "spa_pvalue": 0.1,
      "stability": -1.4952772552108633,
      "total_return": 0.06294902822074588,
      "trade_count": 278.0,
      "trades": 278.0,
      "turnover": 0.023632924103333657,
      "volatility": 0.14489691685050815,
      "win_rate": 0.11827956989247312,
      "worst_month": 0.009445489578273403
    }
  },
  "probe_peak_rss_mib": 3219.53125,
  "recommended_action": "advance to topcap-rotation-relative-momentum 1h next; the 30m composite variant remained too close to the incumbent trend sleeve to overcome the locked-OOS gap",
  "schema_version": "1.0",
  "source_artifacts": {
    "anchor_bundle": "/home/hoky/Quants-agent/LuminaQuant/var/reports/exact_window_backtests/followup_status/autonomous_regime_conditioned_composite_trend_30m_anchor_latest.json",
    "anchor_portfolio": "/home/hoky/Quants-agent/LuminaQuant/var/reports/exact_window_backtests/followup_status/autonomous_regime_conditioned_composite_trend_30m_anchor_opt/portfolio_optimization_latest.json",
    "anchor_search_memory": "/home/hoky/Quants-agent/LuminaQuant/var/reports/exact_window_backtests/followup_status/autonomous_regime_conditioned_composite_trend_30m_anchor_search/_memory_guard/portfolio_four_sleeve_search_memory_latest.json",