{
  "artifact_kind": "final_portfolio_validation",
  "bundle_path": "/home/hoky/Quants-agent/LuminaQuant/var/reports/exact_window_backtests/followup_status/portfolio_four_sleeve_anchored_bundle_latest.json",
  "comparison_vs_saved_artifact": {
    "oos": {
      "max_drawdown_delta": 2.044039944193443e-06,
      "sharpe_delta": 0.2660618418961713,
      "total_return_delta": 0.04847416789035419
    },
    "train": {
      "max_drawdown_delta": -3.778981757407429e-06,
      "sharpe_delta": 0.0003096036338181077,
      "total_return_delta": 0.00011633075379824387
    },
    "val": {
      "max_drawdown_delta": -1.5963446790001612e-06,
      "sharpe_delta": -0.006313027573609298,
      "total_return_delta": -4.646195191471136e-06
    }
  },
  "component_rows": [
    {
      "candidate_id": "feecc2c87fbb8475",
      "name": "composite_trend_stable_30m_stable_ls_highconv_ls_0.75_0.45_0.20_0.80",
      "oos_max_drawdown": 0.016040951647192325,
      "oos_sharpe": 1.8777813443260047,
      "oos_total_return": 0.030673227050757257,
      "oos_turnover": 0.030542078143571717,
      "portfolio_oos_corr": 0.8291572131216385,
      "saved_weight": 0.25,
      "strategy_class": "CompositeTrendStrategy",
      "timeframe": "30m"
    },
    {
      "candidate_id": "deb70de97b53b507",
      "name": "regime_breakout_1h_trend_ls_48_0.70",
      "oos_max_drawdown": 0.11720661338220117,
      "oos_sharpe": 2.8240077727483412,
      "oos_total_return": 0.19411586575418327,
      "oos_turnover": 0.11580022008091949,
      "portfolio_oos_corr": 0.9517943490253687,
      "saved_weight": 0.25,
      "strategy_class": "RegimeBreakoutCandidateStrategy",
      "timeframe": "1h"
    },
    {
      "candidate_id": "4c8fdaeabe315563",
      "name": "topcap_tsmom_1h_balanced_16_4_0.015",
      "oos_max_drawdown": 0.06052424794722322,
      "oos_sharpe": 1.9922095435726284,
      "oos_total_return": 0.060116255968388765,
      "oos_turnover": 0.07798395836035532,
      "portfolio_oos_corr": 0.8653401470738086,
      "saved_weight": 0.25,
      "strategy_class": "TopCapTimeSeriesMomentumStrategy",
      "timeframe": "1h"
    },
    {
      "candidate_id": "a79680513062c403",
      "name": "rolling_breakout_30m_guarded_ls_64_0.002",
      "oos_max_drawdown": 0.1028925229681068,
      "oos_sharpe": 0.025642511114002512,
      "oos_total_return": 0.0010936015019757939,
      "oos_turnover": 0.020367037415890858,
      "portfolio_oos_corr": 0.2805837949179359,
      "saved_weight": 0.25,
      "strategy_class": "RollingBreakoutStrategy",
      "timeframe": "30m"
    }
  ],
  "error": null,
  "generated_at": "2026-03-19T11:51:20.059569+00:00",
  "memory": {
    "budget_bytes": 8589934592,
    "budget_mib": 8192.0,
    "error": null,
    "generated_at": "2026-03-19T11:52:30.696620+00:00",
    "hard_limit_bytes": 8589934592,
    "hard_limit_mib": 8192.0,
    "hard_trigger_count": 0,
    "label": "final_portfolio_validation",
    "peak_rss_bytes": 1201033216,
    "peak_rss_mib": 1145.39453125,
    "rss_log_path": "/home/hoky/Quants-agent/LuminaQuant/var/reports/exact_window_backtests/followup_status/portfolio_four_sleeve_validation_rss_latest.jsonl",
    "sample_count": 2,
    "soft_limit_bytes": 7730941132,
    "soft_limit_mib": 7372.799999237061,
    "soft_trigger_count": 0,
    "status": "completed"
  },
  "oos_monthly_returns": [
    {
      "days": 1372,
      "month": "2026-02",
      "total_return": 0.02859068354262062
    },
    {
      "days": 328,
      "month": "2026-03",
      "total_return": 0.04277423341672515
    }
  ],
  "portfolio_path": "/home/hoky/Quants-agent/LuminaQuant/var/reports/exact_window_backtests/followup_status/portfolio_four_sleeve_tuned/portfolio_optimization_latest.json",
  "recommended_action": "Refreshed validation materially diverged from the saved incumbent; review data freshness and deployment assumptions before final sign-off.",
  "refresh_report_path": "/home/hoky/Quants-agent/LuminaQuant/var/reports/exact_window_backtests/followup_status/final_portfolio_validation_data_refresh_latest.json",
  "refreshed_candidate_report": {
    "base_timeframe": "1s",
    "candidate_count": 4,
    "data_sources": {
      "csv": [],
      "parquet": [
        "BNB/USDT@30m",
        "BTC/USDT@30m",
        "ETH/USDT@30m",
        "SOL/USDT@30m",
        "TRX/USDT@30m"
      ],
      "synthetic": [
        "BNB/USDT@1h",
        "BTC/USDT@1h",
        "ETH/USDT@1h",
        "SOL/USDT@1h",
        "TRX/USDT@1h"
      ]
    },
    "extension_only": true,
    "extension_start": "2026-03-07T10:00:01Z",
    "generated_at": "2026-03-19T11:52:30.579331+00:00",
    "saved_oos_end": "2026-03-07T10:00:00Z",
    "symbol_universe": [
      "BNB/USDT",
      "BTC/USDT",
      "ETH/USDT",
      "SOL/USDT",
      "TRX/USDT"
    ]
  },
  "refreshed_portfolio_metrics": {
    "oos": {
      "benchmark_corr": -0.2387139239493369,
      "cagr": 0.015159113626706633,
      "calmar": 0.3063651432100815,
      "max_drawdown": 0.04948054294907722,
      "return": 0.07258786153074204,
      "sharpe": 0.428617699621515,
      "sortino": 0.4850485628913343,
      "total_return": 0.07258786153074204,
      "trade_count": 197.0,
      "turnover": 0.06117332350018435,
      "volatility": 0.03663551579500871
    },
    "train": {
      "benchmark_corr": -0.05844895450814189,
      "cagr": -0.0015382538303713167,
      "calmar": -0.010531958123956811,
      "max_drawdown": 0.14605582478269497,
      "return": -0.07265764788857354,
      "sharpe": -0.055537727896846044,
      "sortino": -0.04728436981471411,
      "total_return": -0.07265764788857354,
      "trade_count": 1784.0,
      "turnover": 0.039612993323306006,
      "volatility": 0.022990769920433304
    },
    "val": {
      "benchmark_corr": -0.09831533415944055,
      "cagr": 0.011456972548559152,
      "calmar": 0.3601638058820301,
      "max_drawdown": 0.031810449471737945,
      "return": 0.048550542002054664,
      "sharpe": 0.5067469613641223,
      "sortino": 0.5417298050985581,
      "total_return": 0.048550542002054664,
      "trade_count": 145.25,
      "turnover": 0.036188033614166636,
      "volatility": 0.02299823537523457
    }
  },
  "saved_portfolio_metrics": {
    "oos": {
      "cagr": 0.005275241954893373,
      "calmar": 0.10661685522394937,
      "max_drawdown": 0.04947849890913303,
      "sharpe": 0.16255585772534367,
      "sortino": 0.17955984154294544,
      "total_return": 0.024113693640387845,
      "volatility": 0.03634035179397559
    },
    "train": {
      "cagr": -0.0015728851113596676,
      "calmar": -0.010768789390228871,
      "max_drawdown": 0.14605960376445237,
      "sharpe": -0.05584733153066415,
      "sortino": -0.04683010266311663,
      "total_return": -0.07277397864237178,
      "volatility": 0.023339633903198712
    },
    "val": {
      "cagr": 0.01169814972008254,
      "calmar": 0.36772704866549594,
      "max_drawdown": 0.031812045816416945,
      "sharpe": 0.5130599889377316,
      "sortino": 0.54142373221041,
      "total_return": 0.048555188197246135,
      "volatility": 0.023188484334050418
    }
  },
  "saved_weight_total": 1.0,
  "sensitivity": {
    "cost_stress": {
      "x2": {
        "cagr": 0.0038890434010450114,
        "calmar": 0.04492414979748604,
        "max_drawdown": 0.08656910411385554,
        "sharpe": 0.12388249127200819,
        "sortino": 0.2432367483234459,
        "total_return": 0.01824262232349083,
        "volatility": 0.03663551579500871
      },
      "x3": {
        "cagr": -0.007256248007728727,
        "calmar": -0.05933770301881459,
        "max_drawdown": 0.12228730871884175,
        "sharpe": -0.18085271707749895,
        "sortino": -0.3571909384294084,
        "total_return": -0.03335062222280316,
        "volatility": 0.03663551579500871
      }
    },
    "param_drift": {
      "minus_10pct_signal": {
        "cagr": 0.01369179602267434,
        "calmar": 0.30725405805365164,
        "max_drawdown": 0.04456180696003542,