{
  "decision": "no_new_successful_alpha",
  "incumbent_oos_return_best": {
    "mode": "profit_moonshot_hourly_shock_reversion_eth_12h_mode",
    "oos_mdd": 0.002819,
    "oos_sharpe": 0.100651,
    "oos_total_return": 0.008284
  },
  "live_equivalent_tested_modes": [
    {
      "alpha_blocking_reasons": "oos_return_not_above_0.8284pct_incumbent;oos_mdd_not_below_funding_guard_shadow;oos_sharpe_not_above_1.0_success_target",
      "blocking_reasons": "",
      "cash_weight": 0.0,
      "fallback_eligible": false,
      "mode": "profit_moonshot_hourly_shock_reversion_eth_12h_taker_flow_guard_mode",
      "oos_cagr": 1.5827009157698413e-05,
      "oos_calmar": 0.004940992511369399,
      "oos_final_equity": 10058.784757109475,
      "oos_liquidation_count": 0,
      "oos_max_drawdown": 0.0032032044414720125,
      "oos_scaled_score_report_only": 11.487915771090073,
      "oos_sharpe": 0.07068826093340334,
      "oos_sortino": 0.08549034804036248,
      "oos_total_return": 0.005870978710947661,
      "oos_trade_count": 35,
      "oos_volatility": 0.00022425263364256765,
      "selection_eligible": false,
      "selection_role": "alpha",
      "selection_score": 13.823550393539414,
      "status": "live_equivalent_validated",
      "symbols": "ETH/USDT",
      "train_cagr": 1.2275173677522844e-07,
      "train_calmar": 3.203777265792785e-06,
      "train_final_equity": 10002.50533258496,
      "train_liquidation_count": 0,
      "train_max_drawdown": 0.038314691250814256,
      "train_scaled_score": 8.514625632615997,
      "train_sharpe": 0.0005181245232513319,
      "train_sortino": 0.0005989868354089933,
      "train_total_return": 0.0002554682584958723,
      "train_trade_count": 236,
      "train_volatility": 0.0006695887220813254,
      "val_cagr": 2.473530533375623e-05,
      "val_calmar": 0.012206172516582311,
      "val_final_equity": 10083.752397851078,
      "val_liquidation_count": 0,
      "val_max_drawdown": 0.0020264587691311803,
      "val_scaled_score": 12.290917779668534,
      "val_sharpe": 0.10970097937305354,
      "val_sortino": 0.12207726133826421,
      "val_total_return": 0.008373304785107782,
      "val_trade_count": 37,
      "val_volatility": 0.000225708765731858
    },
    {
      "alpha_blocking_reasons": "oos_return_not_above_0.8284pct_incumbent;oos_mdd_not_below_funding_guard_shadow;oos_sharpe_not_above_1.0_success_target",
      "blocking_reasons": "",
      "cash_weight": 0.0,
      "fallback_eligible": false,
      "mode": "profit_moonshot_hourly_shock_reversion_eth_12h_sol_regime_guard_mode",
      "oos_cagr": 8.586562022738775e-06,
      "oos_calmar": 0.0009258041802077141,
      "oos_final_equity": 10032.196065319915,
      "oos_liquidation_count": 0,
      "oos_max_drawdown": 0.009274706472822674,
      "oos_scaled_score_report_only": 10.28956437449871,
      "oos_sharpe": 0.014159750673192278,
      "oos_sortino": 0.013919657855734872,
      "oos_total_return": 0.003221034531991629,
      "oos_trade_count": 32,
      "oos_volatility": 0.0006199757607769625,
      "selection_eligible": false,
      "selection_role": "alpha",
      "selection_score": 11.145371754102307,
      "status": "live_equivalent_validated",
      "symbols": "ETH/USDT,SOL/USDT",
      "train_cagr": 6.280712496087304e-06,
      "train_calmar": 0.00013875715990313063,
      "train_final_equity": 10131.590260579498,
      "train_liquidation_count": 0,
      "train_max_drawdown": 0.04526406061115697,
      "train_scaled_score": 10.409323986086392,
      "train_sharpe": 0.003544174933412375,
      "train_sortino": 0.0035786721695158616,
      "train_total_return": 0.013156212057949812,
      "train_trade_count": 232,
      "train_volatility": 0.003615171432957733,
      "val_cagr": 2.6824913035294884e-06,
      "val_calmar": 0.000118892394197086,
      "val_final_equity": 10008.994160279834,
      "val_liquidation_count": 0,
      "val_max_drawdown": 0.02256234573830489,
      "val_scaled_score": 9.271693436606757,
      "val_sharpe": 0.002686369354940614,
      "val_sortino": 0.0025817108878767514,
      "val_total_return": 0.0009047480279833486,
      "val_trade_count": 39,
      "val_volatility": 0.001325555687383486
    }
  ],
  "replay_evaluated": 130,
  "replay_survivors": 8,
  "reports": {
    "raw_first_coverage": "var/reports/profit_moonshot_20260501/current_tail_20260506/raw_first_preflight_eth_btc_sol_metals/raw_first_symbol_coverage_latest.json",
    "replay": "var/reports/profit_moonshot_20260501/current_tail_20260506/eth_shock_filter_replay/eth_shock_filter_replay_latest.json",
    "sol_regime_guard": "var/reports/profit_moonshot_20260501/current_tail_20260506/live_equivalent/profit_moonshot_hourly_shock_reversion_eth_12h_sol_regime_guard_mode/live_equivalent_revalidation_latest.json",
    "support_inventory": "var/reports/profit_moonshot_20260501/current_tail_20260506/raw_first_preflight_eth_btc_sol_metals/support_inventory_latest.json",
    "taker_flow_guard": "var/reports/profit_moonshot_20260501/current_tail_20260506/live_equivalent/profit_moonshot_hourly_shock_reversion_eth_12h_taker_flow_guard_mode_context_fix/live_equivalent_revalidation_latest.json"
  },
  "shadow_mdd_sharpe": {
    "mode": "profit_moonshot_hourly_shock_reversion_eth_12h_funding_guard_mode",
    "oos_mdd": 0.001778,
    "oos_sharpe": 0.111225,
    "oos_total_return": 0.007206
  }
}