{
  "artifact_kind": "live_pair_component",
  "candidate_id": "wave2_pair_leaf",
  "family": "market_neutral",
  "generated_at": "2026-04-26T10:32:54.465494Z",
  "name": "wave2_pair_leaf",
  "oos": {
    "active_fold_ratio": 1.0,
    "avg_trade": 0.004010267015465688,
    "benchmark_corr": -0.3768717392521272,
    "cagr": 0.4417961696711272,
    "calmar": 9.77423564344409,
    "cross_candidate_corr": 0.002684777379587001,
    "deflated_sharpe": 0.18190966930395386,
    "exposure": 0.0,
    "failed_fold_ratio": 0.375,
    "inactive_fold_count": 0.0,
    "max_drawdown": 0.045200073518531836,
    "mdd": 0.045200073518531836,
    "pbo": 0.375,
    "return": 0.08177997005487758,
    "risk_free_annual": 0.037,
    "risk_free_per_period": 4.147489108596858e-06,
    "rolling_sharpe_min": -17.30481943575187,
    "sharpe": 2.7613887593925437,
    "sortino": 4.4158248901048545,
    "sortino_target_annual": 0.037,
    "sortino_target_per_period": 4.147489108596858e-06,
    "spa_pvalue": 0.075,
    "stability": -1.4984760769951555,
    "total_return": 0.08177997005487758,
    "trade_count": 20.0,
    "trades": 20.0,
    "turnover": 0.010626992561105207,
    "volatility": 0.12203772296715056,
    "win_rate": 0.10148777895855472,
    "worst_month": 0.0030478460096889926
  },
  "params": {
    "cooldown_bars": 8,
    "entry_z": 2.2,
    "exit_z": 0.55,
    "hedge_window": 192,
    "lookback_window": 96,
    "max_hold_bars": 168,
    "min_correlation": 0.2,
    "reentry_z_buffer": 0.25,
    "stop_loss_pct": 0.025,
    "stop_z": 3.9,
    "symbol_x": "BNB/USDT",
    "symbol_y": "TRX/USDT",
    "take_profit_pct": 0.08
  },
  "source_candidate_id": "caf3d0b290716744",
  "source_name": "pair_spread_1h_exec_tightstop_tp_bnbusdt_trxusdt_2.2_0.55",
  "source_path": "var/reports/portfolio_superiority_wave2/candidate_research_wave2_filtered_latest.json",
  "strategy": "PairSpreadZScoreStrategy",
  "strategy_class": "PairSpreadZScoreStrategy",
  "strategy_timeframe": "1h",
  "symbols": [
    "BNB/USDT",
    "TRX/USDT"
  ],
  "train": {
    "active_fold_ratio": 1.0,
    "avg_trade": -0.0006880170088819759,
    "benchmark_corr": -0.06843753696415052,
    "cagr": -0.0714742365577693,
    "calmar": -0.5579460129857986,
    "deflated_sharpe": 0.000776124463177652,
    "exposure": 0.0,
    "failed_fold_ratio": 0.0,
    "inactive_fold_count": 0.0,
    "max_drawdown": 0.12810242370096214,
    "mdd": 0.12810242370096214,
    "pbo": 0.0,
    "return": -0.0714742365577693,
    "risk_free_annual": 0.037,
    "risk_free_per_period": 4.147489108596858e-06,
    "rolling_sharpe_min": -28.061563218691443,
    "sharpe": -1.3211680327991315,
    "sortino": -1.841988525320989,
    "sortino_target_annual": 0.037,
    "sortino_target_per_period": 4.147489108596858e-06,
    "spa_pvalue": 1.0,
    "stability": -1.5210572330143552,
    "total_return": -0.0714742365577693,
    "trade_count": 103.0,
    "trades": 103.0,
    "turnover": 0.011757990867579908,
    "volatility": 0.08113862419077329,
    "win_rate": 0.07465753424657534,
    "worst_month": -0.04211446602871072
  },
  "val": {
    "active_fold_ratio": 0.375,
    "avg_trade": 0.0022914457879286885,
    "benchmark_corr": 0.004754514568940212,
    "cagr": 0.20644090799405634,
    "calmar": 16.94589848985608,
    "deflated_sharpe": 0.11929037229569844,
    "exposure": 0.0,
    "failed_fold_ratio": 0.625,
    "inactive_fold_count": 5.0,
    "max_drawdown": 0.0121823524505138,
    "mdd": 0.0121823524505138,
    "pbo": 0.625,
    "return": 0.01606720015631824,
    "risk_free_annual": 0.037,
    "risk_free_per_period": 4.147489108596858e-06,
    "rolling_sharpe_min": -20.963425935746507,
    "sharpe": 3.13337851380642,
    "sortino": 4.805809141434741,
    "sortino_target_annual": 0.037,
    "sortino_target_per_period": 4.147489108596858e-06,
    "spa_pvalue": 0.09,
    "stability": -1.5,
    "total_return": 0.01606720015631824,
    "trade_count": 7.0,
    "trades": 7.0,
    "turnover": 0.009408602150537635,
    "volatility": 0.048678280720181114,
    "win_rate": 0.04838709677419355,
    "worst_month": 0.0
  }
}