{
  "objective": "val_sharpe + 12*val_return - 4*val_max_drawdown - 0.75*hhi - 0.15*turnover",
  "runs": 384,
  "best_metric": [
    3.2358774149787957,
    3.0028163085596984,
    0.050180317234329586,
    0.02946317509821439,
    0.33499999999999996
  ],
  "best_params": {
    "correlation_threshold": 0.4,
    "cost_penalty": 0.1,
    "max_strategy_cap": 0.35,
    "target_vol": 0.08,
    "max_family_cap": 0.5
  }
}