{
  "best_live_deployable": {
    "cash_weight": 0.0,
    "caveat": "committed live mode using the validation-primary static allocation over live portfolio sleeves",
    "kind": "live_hybrid_static_validation_retune",
    "live_deployable": true,
    "live_mode": "retuned_live_portfolio_hybrid_mode",
    "metrics": {
      "oos": {
        "cagr": 0.014208246579783923,
        "calmar": 1.9486120014928938,
        "max_drawdown": 0.007291470322926541,
        "sharpe": 0.5173122141021481,
        "sortino": 0.4963877577999353,
        "total_return": 0.0019732347599001887,
        "volatility": 0.028014520541434662
      },
      "train": {
        "cagr": 0.05604705845253344,
        "calmar": 0.7936757240085243,
        "max_drawdown": 0.07061707540891282,
        "sharpe": 0.6323112265823205,
        "sortino": 1.1507515526118857,
        "total_return": 0.05604705845253344,
        "volatility": 0.09302821326608875
      },
      "val": {
        "cagr": 0.7689296216630106,
        "calmar": 53.85637715722416,
        "max_drawdown": 0.01427741081466094,
        "sharpe": 4.165593422276222,
        "sortino": 12.140370813739173,
        "total_return": 0.09658142261929226,
        "volatility": 0.13928139886679863
      }
    },
    "name": "retuned_live_portfolio_hybrid_mode",
    "oos_scaled_score_report_only": 14.880978286792024,
    "selection_score": 71.84892026098862,
    "train_scaled_score": 22.511953421846755,
    "val_scaled_score": 67.7967686450562,
    "weights": {
      "aggressive_realized_mode": 1.0
    }
  },
  "generated_at": "2026-04-26T10:33:41.527202Z",
  "ranked_candidates": [
    {
      "cash_weight": 0.0,
      "caveat": "committed live mode using the validation-primary static allocation over live portfolio sleeves",
      "kind": "live_hybrid_static_validation_retune",
      "live_deployable": true,
      "live_mode": "retuned_live_portfolio_hybrid_mode",
      "metrics": {
        "oos": {
          "cagr": 0.014208246579783923,
          "calmar": 1.9486120014928938,
          "max_drawdown": 0.007291470322926541,
          "sharpe": 0.5173122141021481,
          "sortino": 0.4963877577999353,
          "total_return": 0.0019732347599001887,
          "volatility": 0.028014520541434662
        },
        "train": {
          "cagr": 0.05604705845253344,
          "calmar": 0.7936757240085243,
          "max_drawdown": 0.07061707540891282,
          "sharpe": 0.6323112265823205,
          "sortino": 1.1507515526118857,
          "total_return": 0.05604705845253344,
          "volatility": 0.09302821326608875
        },
        "val": {
          "cagr": 0.7689296216630106,
          "calmar": 53.85637715722416,
          "max_drawdown": 0.01427741081466094,
          "sharpe": 4.165593422276222,
          "sortino": 12.140370813739173,
          "total_return": 0.09658142261929226,
          "volatility": 0.13928139886679863
        }
      },
      "name": "retuned_live_portfolio_hybrid_mode",
      "oos_scaled_score_report_only": 14.880978286792024,
      "selection_score": 71.84892026098862,
      "train_scaled_score": 22.511953421846755,
      "val_scaled_score": 67.7967686450562,
      "weights": {
        "aggressive_realized_mode": 1.0
      }
    },
    {
      "cash_weight": 0.0,
      "caveat": "",
      "kind": "live_portfolio_mode_static_replay",
      "live_deployable": true,
      "live_mode": "aggressive_realized_mode",
      "metrics": {
        "oos": {
          "cagr": 0.014208246579783923,
          "calmar": 1.9486120014928938,
          "max_drawdown": 0.007291470322926541,
          "sharpe": 0.5173122141021481,
          "sortino": 0.4963877577999353,
          "total_return": 0.0019732347599001887,
          "volatility": 0.028014520541434662
        },
        "train": {
          "cagr": 0.05604705845253344,
          "calmar": 0.7936757240085243,
          "max_drawdown": 0.07061707540891282,
          "sharpe": 0.6323112265823205,
          "sortino": 1.1507515526118857,
          "total_return": 0.05604705845253344,
          "volatility": 0.09302821326608875
        },
        "val": {
          "cagr": 0.7689296216630106,
          "calmar": 53.85637715722416,
          "max_drawdown": 0.01427741081466094,
          "sharpe": 4.165593422276222,
          "sortino": 12.140370813739173,
          "total_return": 0.09658142261929226,
          "volatility": 0.13928139886679863
        }
      },
      "name": "aggressive_realized_mode",
      "oos_scaled_score_report_only": 14.880978286792024,
      "selection_score": 71.84892026098862,
      "train_scaled_score": 22.511953421846755,
      "val_scaled_score": 67.7967686450562
    },
    {
      "cash_weight": 0.0,
      "caveat": "",
      "kind": "live_portfolio_mode_static_replay",
      "live_deployable": true,
      "live_mode": "core_mode",
      "metrics": {
        "oos": {
          "cagr": 0.006366298677249915,
          "calmar": 1.1102056341420576,
          "max_drawdown": 0.0057343418925897005,
          "sharpe": 0.29388994413006925,
          "sortino": 0.27932108526800437,
          "total_return": 0.0008871113034689682,
          "volatility": 0.022431564094276327
        },
        "train": {
          "cagr": 0.04326372315719418,
          "calmar": 0.600170535314131,
          "max_drawdown": 0.0720857166614316,
          "sharpe": 0.5226828786397713,
          "sortino": 0.9431644202663356,
          "total_return": 0.04326372315719418,
          "volatility": 0.0884552514232599
        },
        "val": {
          "cagr": 0.722646909621868,
          "calmar": 53.080516849509735,
          "max_drawdown": 0.01361416490481182,
          "sharpe": 4.1124915340154065,
          "sortino": 11.950689210891683,
          "total_return": 0.09189196705502578,
          "volatility": 0.13446868134860007
        }
      },
      "name": "core_mode",
      "oos_scaled_score_report_only": 12.67593244818469,
      "selection_score": 70.35681890551359,
      "train_scaled_score": 19.378499342993848,
      "val_scaled_score": 66.86868902377469
    },
    {
      "cash_weight": 0.0,
      "caveat": "",
      "kind": "live_portfolio_mode_static_replay",
      "live_deployable": true,
      "live_mode": "balanced_overlay_mode",
      "metrics": {
        "oos": {
          "cagr": 0.007833521738569882,
          "calmar": 1.5176404431756885,
          "max_drawdown": 0.005161645351370647,
          "sharpe": 0.39614968419998303,
          "sortino": 0.37675622589712365,
          "total_return": 0.0010908766261372715,
          "volatility": 0.02020152687242624
        },
        "train": {
          "cagr": 0.039763950455758756,
          "calmar": 0.6080667807856291,
          "max_drawdown": 0.06539405162765721,
          "sharpe": 0.5292678158548181,
          "sortino": 0.9532561144635011,
          "total_return": 0.039763950455758756,
          "volatility": 0.07961798966585329
        },
        "val": {
          "cagr": 0.6384023335793583,
          "calmar": 52.0788788512886,
          "max_drawdown": 0.01225837321502865,
          "sharpe": 4.111980216582392,
          "sortino": 12.03574312763367,
          "total_return": 0.08307806753919622,
          "volatility": 0.12189829013503752
        }
      },
      "name": "balanced_overlay_mode",
      "oos_scaled_score_report_only": 13.69210538041043,
      "selection_score": 69.11863431914973,
      "train_scaled_score": 19.155403017531164,
      "val_scaled_score": 65.67066177599412
    },
    {
      "cash_weight": 0.0,
      "caveat": "",
      "kind": "live_portfolio_mode_static_replay",
      "live_deployable": true,
      "live_mode": "defensive_overlay_mode",
      "metrics": {
        "oos": {
          "cagr": 0.010757678918407398,
          "calmar": 2.6788646655688293,
          "max_drawdown": 0.004015760503572552,
          "sharpe": 0.6821214326954871,
          "sortino": 0.6551423419802004,
          "total_return": 0.001496218396611626,