{
  "objective": "val_sharpe + 12*val_return - 4*val_max_drawdown - 0.75*hhi - 0.15*turnover",
  "runs": 384,
  "best_metric": [
    1.3135392657590936,
    0.8263716074984389,
    0.06613300996213267,
    0.02410711532123433,
    0.27999999999999997
  ],
  "best_params": {
    "correlation_threshold": 0.55,
    "cost_penalty": 0.35,
    "max_strategy_cap": 0.3,
    "target_vol": 0.08,
    "max_family_cap": 0.5
  }
}