{
  "strategy": "RsiStrategy",
  "symbols": [
    "BTC/USDT"
  ],
  "iterations": 3,
  "warmup": 1,
  "seed": 42,
  "generated_at_utc": "2026-02-13T07:19:17.731534+00:00",
  "python": "3.13.2",
  "samples": [
    {
      "seconds": 0.0143884999997681,
      "peak_tracemalloc_mb": 0.06986522674560547,
      "peak_rss_mb": null,
      "bars_processed": 270,
      "bars_per_sec": 18764.98592656299
    },
    {
      "seconds": 0.01301179999973101,
      "peak_tracemalloc_mb": 0.06965923309326172,
      "peak_rss_mb": null,
      "bars_processed": 270,
      "bars_per_sec": 20750.395795015418
    },
    {
      "seconds": 0.015678099999604456,
      "peak_tracemalloc_mb": 0.06955242156982422,
      "peak_rss_mb": null,
      "bars_processed": 270,
      "bars_per_sec": 17221.47454135462
    }
  ],
  "median_seconds": 0.0143884999997681,
  "mean_seconds": 0.014359466666367856,
  "median_bars_per_sec": 18764.98592656299,
  "mean_bars_per_sec": 18912.285420977674,
  "median_peak_tracemalloc_mb": 0.06965923309326172,
  "max_peak_rss_mb": null
}